"Species","rates_mammals_svl","rates_mammals_litter","CHELSA_bio2_1981.2010_V.2.1_median","CHELSA_bio3_1981.2010_V.2.1_median","CHELSA_bio4_1981.2010_V.2.1_median","CHELSA_bio7_1981.2010_V.2.1_median","CHELSA_bio11_1981.2010_V.2.1_median","CHELSA_bio15_1981.2010_V.2.1_median","CHELSA_bio17_1981.2010_V.2.1_median"
"Monodelphis_kunsi",-0.0455202245341453,-0.00390852929820679,"9","61.9999997685975","163.994709543187","15","21.0002785146058","67.0005571000023","69.9977727525928"
"Monodelphis_domestica",0.0107917212959896,-0.00463182804770348,"9","64","133.000419966042","14.0002785888907","23","78.0004178166985","30.4993733795996"
"Monodelphis_scalops",0.0929812673176357,0.00561953502639663,"8.99986061039807","54.0000694745966","230.996031520294","15.9994423947945","17.0001391512993","48.0018783169657","169.492069074603"
"Monodelphis_dimidiata",-0.0186697999156812,0.0106866664619544,"9","46.0005567846081","382.996100519619","18.9999999806058","13.9999999612083","35.0008342866193","158.990394709957"
"Monodelphis_americana",-0.065763573640369,-0.00405675185046988,"9","62.9997214408073","158.000002404731","14.0004179747857","21.0001388921866","79.000556693195","49.0030695820691"
"Monodelphis_iheringi",0.0277192882861962,0.000890978587296247,"8.99972141740361","58.0004174650017","199.997494306418","14.9998608289994","18.0009752147863","64.9976277695854","96.001403926034"
"Marmosa_murina",-0.0276344243783139,0.0054812402104294,"7.00027861059246","72.0001394210006","64.0011148354864","10.0001393036055","25","56.5000688349932","174.00341025982"
"Marmosa_constantiae",0.00239542527299253,0.00659308534474997,"9","60.0003479478024","174.50508693099","14.9997214533986","22.0001391870006","64.0009749599093","72.9993732206086"
"Marmosa_demerarae",0.00860280068034369,-0.00856890974239975,"8","70.0000000097049","76.000208911319","11.0001393850006","25","62.9997218331069","103.998814329777"
"Marmosops_paulensis",-0.0693433479821667,-0.0036829171456773,"7.99999975140141","55.9997201596045","217.994284735448","14.9997212122031","17.0001394035992","54.9998586852178","155.002377867305"
"Marmosops_incanus",0.0691069638673253,0.00364478805583306,"8.99972112540919","60.0005569217797","171.000977978341","13.9999999805925","20.0002788940011","69.0011124560046","59.0016762026495"
"Cryptonanus_guahybae",0.00393792704451919,0.000363759381156277,"8.99951213368553","49.4979089022312","341.495892983671","17.9997212073936","13.5001395256047","14.0003484864098","402.990104440575"
"Cryptonanus_chacoensis",-0.0543450035310965,-0.00286308178548284,"9","48.0006959322201","375.994012191944","19.9997214779989","18","47.999581438388","115.005018168372"
"Cryptonanus_agricolai",0.0525572799615293,0.00279489332730955,"9.00027858659583","66.0001387732433","138.997214690206","14.0001394075919","22.0005570291782","87.0000001851805","20.0053012826057"
"Gracilinanus_agilis",-0.0153398779443486,0.00460542874871975,"9","63.9998608364031","132.999027496014","14.0002787352005","22.9998606323981","73.9991640161925","49.9993030273982"
"Gracilinanus_microtarsus",0.00166701118911388,0.0018312011923804,"8.99999986029792","55.5001389121005","250.495196745082","15.9994423947945","17.0001391375989","44.5004839401189","196.484406571282"
"Thylamys_macrurus",0.00704886591505841,0.000462281782467002,"9","57.5004875045023","254.9945689149","15.9997911551976","20.0002087348018","44.5000683122915","136.007946633423"
"Thylamys_velutinus",-0.0191303395243872,-0.000920923478236071,"9.00013941500056","62.9999997834026","145.999165148614","14.9999999805964","21","82.0004168381956","31.9983289468016"
"Thylamys_karimii",-0.00457205450161283,-0.000150402852713488,"9","65.9997214488193","99.9995123711154","14","24.0002785685983","83.9997217485189","14.0004870159876"
"Metachirus_nudicaudatus",-0.00140102056353212,-0.00366575482872455,"7.99986065299944","70.0001392110005","70.0009758901832","10.9998607289994","24.0001393755958","56.0002786630083","159.988162628265"
"Lutreolina_crassicaudata",0.000929864305028503,0.023493649041675,"9","54.999999534498","266.995197900667","15.9998606246988","17.9999997282993","45.9983975094169","146.992411325132"
"Philander_frenatus",-0.00462233865046652,-0.00618669176107801,"8.99993030619737","55.999929377601","226.4959621558","15.4996513598956","17.9999998836996","46.5012498663783","179.491442078899"
"Philander_opossum",-0.0299705014695575,-0.0139997130813864,"7.99860708823539","70.000139602412","70.0022291782316","10.0006964167835","24.99999978","56.9994433421803","159.999997696263"
"Didelphis_aurita",0.0470591194480024,0.0110922746435809,"9","58.0001390463961","215.996797587538","15","18.999999748","52.0025773116587","142.987190482269"
"Didelphis_albiventris",-0.0112435224746386,-0.00565119844862495,"9","59.0004175856022","212.995963196887","15.0001391672996","20.0001391766991","67.9986759271932","54.5151967412553"
"Chironectes_minimus",0.009098406854078,-0.0212505142728744,"7.99930349521318","70.000139230397","74.998329583388","10.000417850789","23.9998607529994","46.9990244345407","227.999161284473"
"Caluromys_lanatus",0.00991521593842174,-0.00336959401994644,"7.99986078899944","68.0004176330017","74.9984688833656","10.9999999085936","23.0001392550006","46.0026452022124","210.983008881467"
"Caluromys_philander",-0.00372354704910654,0.000439523758038243,"8","68.000766219688","83.0004874233246","11.999581841877","24.9998606372968","66.9990254783376","103.532876159315"
"Dasypus_novemcinctus",-0.00338111409932041,0.0137058003817114,"8.9997214414003","64.9997212927883","115.001950134185","13.0002786345891","23.000000188","57.0011143714009","116.007518543836"
"Priodontes_maximus",0.0625127099916249,0.0059024392701946,"7.99986080839974","69.9965169893637","76.0005571462299","11.0001391836042","24.9998603924031","59.999442718182","125.003618764233"
"Cabassous_unicinctus",-0.0225408858764584,-0.00895261704367292,"8","69.0001392167032","77.0006968553046","11.9988857525199","24.999860646402","61.5005568206001","116.998822977198"
"Tolypeutes_matacus",-0.0383837980534145,-0.00660885614053705,"9.49979101257565","48.0005570793967","376.99470872725","19.9997214799989","18.0002088268043","65.5011139926056","58.0017395096367"
"Chaetophractus_villosus",0.0908339354555002,-0.0148822451879926,"10","41.999582290524","497.997492104295","23.9986759626314","8.99993033819096","46.5001382876206","53.9956822157237"
"Chaetophractus_vellerosus",-0.152277597133908,0.0182154677142964,"10","49.0004176456098","380.988714054925","20.9998606329994","12.0019492490371","73.9995814716114","33.0029278802278"
"Euphractus_sexcinctus",0.0762600928670253,-0.00333262993599869,"9","62.9999997760006","148.998260414813","14.9995819221185","22.0001394470006","69.5000685655603","60.0025094576305"
"Bradypus_torquatus",0.001640778551833,-0.000776035395011176,"6.99916329399668","59.4960951156894","153.991494470724","10.9993022909364","22.000209316206","27.9997223876373","228.006064583505"
"Bradypus_variegatus",-0.000223500902271336,-0.000776035356206245,"7.99986082439555","69.0000002508156","79.0006263852052","11.0001393952962","24.0002785685983","62.0015319288028","101.508439926016"
"Myrmecophaga_tridactyla",0.0407136269037055,-0.000641630713181811,"8","67.0002783945989","90.4978416053175","12","24.0001392150006","59.9993040335186","116.004737282845"
"Tamandua_tetradactyla",-0.023978081233518,-0.000641630712108605,"8","67.0004176136019","91.9973548765725","12","24.0001392384142","60.000974651799","112.005436875807"
"Cyclopes_didactylus",-0.0387854837088805,-0.0013305405754828,"7.00013923559524","72.9966574033984","60.9980505533897","9.99999998060025","24.9998607803992","53.9994431593947","196.995546435145"
"Pseudalopex_vetulus",-0.0462603669578839,-0.013629254823352,NA,NA,NA,NA,NA,NA,NA
"Pseudalopex_gymnocercus",-0.0019023400455856,0.00497076137539032,NA,NA,NA,NA,NA,NA,NA
"Cerdocyon_thous",0.0298564677033727,-0.00397245513470524,"9","63.9997214414025","134.996032083241","14.0000000097002","22.0004178973018","66.9992346249089","72.0034857032283"
"Speothos_venaticus",0.0447856813921055,0.0438615311686801,"7.99999998058771","68.999582414157","80.499304421149","11.0004178664903","24.0002785780003","59.0009749040977","131.002642499803"
"Chrysocyon_brachyurus",0.116199390702596,-0.034876201928548,"9","61.0004179618973","177.995468898489","15","21","71.0004180264009","55.0002799182767"
"Conepatus_semistriatus",-0.169776846908637,-0.000737654389756832,"7.9993029324264","68.0004180061891","103.995750624267","11.9986766439999","24.0002783608848","61.9979107668963","93.5034817976997"
"Conepatus_chinga",0.16908249518085,0.00108495795417143,"9.99986063299944","47.0001391703942","396.004170792493","20.9995818657811","12.0001391230006","55.0005565141932","73.0009754850039"
"Potos_flavus",-0.022369611588868,-0.0263028490142558,"7.99999998058743","68.9995822418045","82.0019498227252","11.9988858010444","24.0002785785969","62.000000233205","108.009333755696"
"Procyon_cancrivorus",0.0149898359072692,-7.67750631227356e-05,"8","67.0001391915897","92.0022302847083","12","24.0001392435975","60.0002790015425","110.004874438415"
"Nasua_nasua",-0.0117762518567714,0.0150095960537036,"8","68.0000694166804","83.9961011893258","11.9998608103992","24.0001393390006","58.9983978429069","138.004876012578"
"Eira_barbara",-0.0185653569067507,-0.00966220161857511,"8","67.0002783945989","86.0032020136855","11.999860822395","24.0000000194034","60.000766020196","121.501043515416"
"Galictis_cuja",-0.0300931450954791,0.0456837026283441,"9.00013941700056","54.9992317939659","287.493385819144","16.9998607209994","17.0001391470006","66.0010437917048","51.9978420726665"
"Galictis_vittata",0.001846297684064,-0.0469762127338192,"7.99972146969792","70.0004176484995","73.0002102497113","10.9998607889994","25","59.9995127905952","130.99251297183"
"Pteronura_brasiliensis",0.104646620404672,-0.0145162413669046,"7.00027861059246","71.0009748484881","61.9971440789638","10.0001393790006","24.9998607906976","56.000835543701","165.504178207059"
"Lontra_longicaudis",0.00338994766383495,0.0262113781511024,"8","67.0001391915897","92.000835897066","12","24","59.9990252948528","118.004600009193"
"Panthera_onca",0.147094680759122,-0.0116650941684456,"7.99972125458241","70.0001391245137","71.9967963509946","10.9997212797595","24.9998606089994","57.0010452644967","152.995540073206"
"Leopardus_tigrinus",0.288197091772684,0.00566277177394898,"7.99986080440142","70.0005572051871","74.0013921942113","11","24.9998607764009","60.0012535515975","123.989276879752"
"Leopardus_colocolo",-0.153822873980935,0.0802861617121075,"9.99986066438525","55.0004176930017","327.998183614233","19.0005571452239","10.9976313671397","65.9958214822357","46.9977700239911"
"Leopardus_pardalis",0.979175029603885,0.0680804963396475,"8","67.9998605904092","88.000765562453","12","24","61.0009748214665","110.002156798348"
"Leopardus_wiedii",-1.01920988862124,-0.0889503354284972,"8","67.9995820943981","84.9958208588938","11.9998606843953","24.0001392550006","59.9997212866003","130.028553209865"
"Herpailurus_yagouaroundi",-0.266714582829252,-0.00373831225843174,"8.00006966579707","66.0021586004945","97.0002787151082","12.0002786005939","24","61.0001392115936","97.9996521080419"
"Puma_concolor",0.283338880910793,0.0226771692239052,"9","60.9997905624115","182.003206647464","15","19.0002784259969","57.9999303401977","69.9983967785251"
"Tapirus_terrestris",0.0270976850960734,-0.00468720613704658,"8","67.9999305296085","87.0014618011638","12","24.0001392770006","60.0000696014997","112.998261525265"
"Tayassu_pecari",0.0382310803894369,0.0230824814927204,"8","67.9994427225113","89.0025076592636","12","24.0001391973029","59.9987454080782","119.000279463306"
"Pecari_tajacu",-0.0376274327130179,-0.0230503633003946,"8.00013926300057","66.0002786094042","99.9941470511459","12.9995821395975","24","59.9997212866003","102.00473699463"
"Mazama_nana",-0.367050069467916,-0.00250310130250965,"9","50.9998603523959","314.994847306339","16.9998608529994","14.999999748","21.9999995541909","350.999868650094"
"Mazama_bororo",0.36485401341926,-0.00250310130258654,"7.99999975140141","51.9999985323985","234.997631950189","15.0001394230006","17.0001391355997","46.0011099950343","205.978837364405"
"Mazama_americana",-0.00656171575374849,0.0343656771454314,"7.99986080839974","69.9965169893637","76.0015318153849","11.0000001285986","24.0001394030005","58.0002785727917","138.994988175375"
"Mazama_gouazoubira",-0.0874706168177076,-0.00177374103368737,"9","59.0002785072072","202.99944469457","15","20.0001393910006","66.9995824029983","61.0039041162876"
"Ozotoceros_bezoarticus",0.011716499932691,-0.00177374098251297,"9","64.0002783820011","109.9963808206","14.0000000194003","23.0001391950006","71.0004177216025","58.9995806306033"
"Blastocerus_dichotomus",0.142112141740905,-0.00390351811295623,"9","63.0001391521911","132.000420598344","14.9998608284025","22.0004180530017","71.0001392332015","58.9998616368099"
"Leontopithecus_rosalia",0.0700711556507833,-0.0409999682422225,"4.99999900829626","42.9997174385892","179.499364136352","10.0001378775939","20.5001394410006","49.0016670964699","124.990185866764"
"Leontopithecus_chrysomelas",-0.0702714071420623,0.0411068172092581,"6.99916329399668","60.4960256735994","152.991982920581","11.9988148062004","22.000209316206","24.5004890780135","234.508989151391"
"Callithrix_penicillata",-0.00858421322963123,0.00468157656800424,"9.00013941900055","63.9997211814031","130.999724582427","14.9998606084014","21.9998606163997","83.9956776006175","23.9987461918055"
"Callithrix_jacchus",-0.0699536309765352,0.173995610753686,"9","69.0008355340034","111.001674327538","13.0000002394126","25.0002786345891","89.0016716863542","11.9994421891682"
"Callithrix_geoffroyi",0.0631082651042018,-0.175892996499733,"7.99986055299943","60.000000019407","173.993445582237","13.9987450934401","21.999721680815","62.9974895421409","92.0182655360401"
"Callithrix_kuhlii",-0.00510383819816637,0.00169149768101776,"7.49951192349806","61.4980474239934","154.494981460734","12.4993724627926","21.0002788882965","39.9982569281994","165.510321052025"
"Callithrix_aurita",0.0104159872535402,0.00169149768103602,"8.49993041849915","56.0002087250964","212.995260291595","14.9999303019034","18.0002087699059","68.001461029506","88.5034217460657"
"Sapajus_xanthosternos",0.024060002956333,0.00731164882124033,"9","66.9997213928206","148.992470694158","13.0001392070006","22.0002781311805","64.00152661289","45.9981929409928"
"Sapajus_nigritus",0.0153230265655074,-0.00527055597546006,"9","55.9997201596045","247.993316150566","15.9995818057956","17.0002785860011","46.0011099950343","171.99290837964"
"Sapajus_libidinosus",0.0999314075327149,-0.00491893831150799,"9","65.9999999902937","105.996657274711","14","24.0002786002965","82.0002782108962","19.9986073785205"
"Sapajus_flavius",-0.122877778855048,-0.00491893831146572,"6.49937214908524","60.9969306874554","138.99240035278","10.4991629645844","22.5002787999975","43.0004887596221","184.493106654451"
"Sapajus_robustus",0.0321130418669783,0.0208972544862459,"7.99993028620321","60.0002784705933","174.9972791649","13.999093806127","21.499860984111","63.4965144156538","90.5203556232533"
"Brachyteles_hypoxanthus",-0.0682571902022285,-0.00597323963063476,"8.00006958749973","56.5001390367038","192.498886409266","14.4992332617129","19.9999306905003","76.4999287742019","58.5002815756204"
"Brachyteles_arachnoides",0.0720708552012475,0.00538254596718819,"7.99999975140141","53.9999994868073","225.997493221201","14.9998603403992","17.000278823195","54.0015309302046","155.002377867305"
"Alouatta_belzebul",0.0217663758419239,-0.0018323255255209,"8","70.9999302102046","84.4997214451849","11.0001393952962","25.0002786185913","72.0002092810927","73.0014599885922"
"Alouatta_caraya",-0.00628095477836616,0.000984003615433231,"9","62.9994426188017","144.999865488848","14.999860828407","22.0001389395958","74.0009748622011","48.9994432873974"
"Alouatta_guariba",-0.0138622117124777,-0.00134337768040144,"8.9998608643975","55.0001391897956","257.998608100819","15.9997214687995","17.0001391630006","37.001392848804","231.985241754514"
"Callicebus_nigrifrons",0.00738306194178682,-0.0254531865028308,"9","61.0004177375986","187.999307371805","15","18.999999744","77.0005563994065","54.9988863931893"
"Callicebus_personatus",0.0137638696433344,-0.0466280849029717,"8.00000001940698","59.9967927963226","179.992053176968","13.9999999805925","20.0002788940011","70.9986017448065","71.997781432439"
"Callicebus_coimbrai",-0.0188433221181875,0.0619219267759407,"5.4997900514986","57.9976277110586","131.99671730577","9.49965060420404","23.5000698555003","51.5015340412981","131.491224609942"
"Sylvilagus_brasiliensis",-0.00440426367106872,-0.00151411371462945,"2.00055649092555","46.0019467931164","80.0038950834021","4.00083513009598","24.9997216168296","59.9997222259063","105.993307831888"
"Sciurus_aestuans",-0.0170002100093155,0.00459507729310968,"8.99972139740642","66.0004182707657","99.0005573376369","13","24.0001392510006","65.9993041204053","93.9970778215893"
"Coendou_prehensilis",0.128434924590048,-0.00152001007517444,"8","68.0002785146019","85.0002092689501","11.999860788706","24.0002088130855","60.0000696014997","119.000279463306"
"Coendou_speratus",0.0317076435143189,0.00185535622295869,"6.99930239358133","66.9970698747407","115.992331156633","9.99916292658078","23.0004181295858","56.0015336718379","123.989276879752"
"Coendou_spinosus",-0.126297071605275,0.0117851284561043,"9","51.9995108675925","296.496727712092","16.9994426356968","16.9999301864997","26.9997207896949","255.995414949783"
"Coendou_insidiosus",0.0993047210859279,-0.0123292134622424,"6.99944168740974","60.9959562198046","158.990381223649","11.9988843919956","22.000139427593","52.0011160056569","161.984815772769"
"Chaetomys_subspinosus",0.00318592756173462,-0.00695367434957385,"6.99923294002417","59.4960951156894","160.490868052217","11.9988148062004","22.00013960041","36.0015339033626","191.988030011411"
"Cuniculus_paca",0.0369311360194609,-0.0118425047253386,"8","68.0001390202122","85.998188489584","11.9998606255897","24.0001392910006","59.9990251183953","128.005855007573"
"Dasyprocta_azarae",0.000702986866147439,0.0273907530959723,"9","58.0001387531931","254.995127329179","15.9997214493992","19.0002785500011","44.0009734616071","162.004744745913"
"Dasyprocta_leporina",0.00241117454730902,-0.0275750042319284,"8","68.0005568725958","85.0004186388872","11.9998607604103","24.9998607969994","66.0000009451816","97.994294958769"
"Galea_spixii",-0.0461319559603516,0.00479093932730613,"9","69.0004175496878","109.999304112997","12.9999997714131","25.0001391915886","85.999164840236","19.0086464860641"
"Kerodon_rupestris",-0.0625044991256486,-0.0172387301174102,"9.99853756532811","68.9997910460883","119.500698905692","13.9995121337864","24.0000000177071","91.4997918072031","13.003764375933"
"Hydrochoerus_hydrochaeris",0.189287098109162,0.033826535643317,"8","67","95.0005576988185","12.0001393436003","24","59.9994431559978","113.007797729043"
"Cavia_magna",-0.00209215191577087,-0.0113654485828243,"7.99937258128276","42.9990932667379","376.494703449969","17.4993028426932","13.0002092445008","15.0000701271974","311.998181334934"
"Cavia_fulgida",-0.0774770688250994,-0.045797188702162,"8.99958182211155","58.997977568492","192.499375925172","14.9997213048047","19.0000000117018","64.4994399702953","90.5203556232533"
"Cavia_aperea",0.0465309414197752,0.0480574096015361,"9","59.0002785363027","205.997982973238","15","19.9999999999933","55.0007654169944","106.508441043691"
"Carterodon_sulcidens",-0.0345601296827909,-0.0102830764357688,"9.0002785671905","63.0004177695958","151.999027130821","14.9998608444031","20.9995817264036","88.0008355540034","23.9997210957846"
"Trinomys_setosus",0.00278143828883603,-0.000906786921966421,"7.99999987199777","59.9986046618088","173.494635044174","13.9993026237236","20.5000700291985","63.9972820652027","83.0010511202158"
"Trinomys_paratus",0.0731891874087981,-0.00441881366604609,"7.99916322081139","58.9963044947807","176.992749379602","13.9987450352175","22.0001394372968","63.4965144156538","98.5144338682567"
"Trinomys_eliasi",-0.07400101519984,0.00651896530399719,"7.99902397661736","51.9980470832675","201.990658153391","13.999162941826","20.9997220122148","57.0004130940228","105.997497766346"
"Trinomys_moojeni",-0.0215710815321308,0.0245851000567779,"8.99986056499945","59.999999472","184.999583278998","14.9998608289994","19.000000264","88.9993033724025","39.9990259388331"
"Trinomys_gratiosus",0.00376903226484859,-0.0287186302882373,"8.49993028820209","55.9997203442179","212.995260291595","14.9999303019034","18.5004181852965","68.001461029506","88.5034217460657"
"Trinomys_iheringi",-0.00444012705855183,-0.043495141575472,"8.9997214054053","59.999999472","187.997912456184","14.0001391595936","19.0002789054109","64.9976277695854","81.0054395660975"
"Trinomys_dimidiatus",-0.0250321592328281,0.010922383704607,"8.00013915900057","53.9999994868073","215.995404125671","14.9998606038067","18.9998611558067","66.0002759892304","99.9930411171961"
"Trinomys_albispinus",0.0086981742332664,0.0063195117833159,"7.4997207274106","63.4978377787311","148.997138994668","11.9993025663495","23.000069717794","36.0016721400634","139.4933180847"
"Euryzygomatomys_spinosus",-0.0088838441727502,-0.0088018477807673,"9","53.9999996444999","269.996170931979","15.999860726699","16.0004178199021","31.5022975144114","268.485111053447"
"Clyomys_laticeps",-0.0010502078315784,-0.00537258044527488,"9.0001391535961","62.0002783323016","168.997356111989","15","21","77.5007661942035","48.9984689106944"
"Phyllomys_mantiqueirensis",-0.00603217953031279,0.0087977472557101,"9","57.9998603438045","215.998607586592","15.9998605729994","17.000139139598","67.0018096030074","97.994294958769"
"Phyllomys_pattoni",-0.0034103032753649,0.0247020187868397,"7.99979071490504","58.9980474256955","174.9972791649","13.998954017633","20.9998611498109","63.4965144156538","97.997222521615"
"Phyllomys_lundi",-0.0372969558404383,0.000528743798492178,"7.99972093220481","53.9985350661224","216.99644616102","14.4996510827045","17.5002091036966","56.5014597990208","151.986566161587"
"Phyllomys_nigrispinus",0.00475819798579534,-0.0869270500197708,"8.99993017219932","56.5002776534042","232.497285121488","15.0000695677999","17.9999997439989","50.0022972161091","160.996803818436"
"Phyllomys_sulinus",-0.0901717166797394,-0.00915142557233339,"9","55.9995816039943","263.994572326978","15.9998606083986","17.0001391355997","36.0016704142027","231.985241754514"
"Phyllomys_dasythrix",0.0926215149610981,0.000523199904483598,"9","49.0002087025008","341.495892983671","17.9997911574991","13.4999998896971","15.000418172514","371.00110915295"
"Phyllomys_lamarum",-0.00928650095561852,0.0142910818074291,"7.99986055299943","62.0001386281822","158.990381223649","12.9998602541676","22.0001394470006","58.0025086505936","89.0224457104664"
"Phyllomys_blainvillii",0.0213235255122358,0.0699253046652574,"9.9997909749106","68.4996516353309","143.993801469893","13.999999882","23.0000002325858","81.9963032550255","22.0006972279819"
"Kannabateomys_amblyonyx",0.02193369828853,-0.0290219392126847,"9","54.0001391470006","273.996240262174","15.9998608449994","17.000139139598","31.0018798416048","250.991930297588"
"Thrichomys_laurentius",0.0374680026713384,0.15545580291273,"9.00020902479735","67.0002784674753","120.498189887017","13.9998604249995","24.0002783868812","88.9986058977655","11.9992334831926"
"Thrichomys_apereoides",-0.0375085851728488,-0.14644964888487,"9.00013945100055","66.9999997674081","123.999441509404","14","24.0004176301688","90.0000005462143","12.0013940712776"
"Callistomys_pictus",0.00620232212481082,0.0106137106417141,"6.99923294002417","60.4965830357111","148.997070482848","11.9988148062004","22.000209316206","24.5004890780135","234.508989151391"
"Myocastor_coypus",0.147836166450639,0.0453697263646329,"9.99972158906813","42.0002784943054","450.506027872959","21.9998607449994","10.0002784646128","40.9994420416946","68.5017409713212"
"Proechimys_longicaudatus",-0.0260127857263565,0.00646822808007002,"9","62.0002785940011","138.498052773797","14.9999999805955","22.9998606326988","71.9995823462921","53.0006962475089"
"Proechimys_roberti",0.0016354040816174,-0.00473822860571621,"8.00013940929455","68.9980498793445","86.0016030116896","12","25.0001392330006","76.0004877350278","33.9978398782078"
"Ctenomys_torquatus",0.0869585628185706,0.157539992896824,"9","43.0001393830006","433.997772377104","20.9999999806075","12.0002785100011","15.0001390996092","289.015878301709"
"Ctenomys_minutus",-0.570445783820353,-0.183127966449243,"8.99902426737107","48.0004176456064","346.989272064629","16.9991633789758","13.9999999806053","14.9998603136047","374.008072553573"
"Ctenomys_lami",0.491565376028157,0.0878563890071414,"5.99999915830129","36.4997875167048","359.992197605436","15.9997206243007","14.5000002780005","16.9993737998938","291.509663403057"
"Ctenomys_ibicuiensis",0.0183889433889516,0.00226817848156342,"9","44.0004178856086","422.994707979551","20.9997215013919","14.999999744","19.9993033597833","334.012537607762"
"Ctenomys_flamarioni",0.0588847094151983,-0.0334268127496308,"5.00013823481642","33.4992297605072","363.491777909161","15.4995810593057","14.0000002953953","16.999303987487","273.00214838586"
"Delomys_collinus",-0.0710795072292562,-0.0036219164139266,"8.99972141740361","56.0001391435958","215.995404125671","15","18.0002783534064","69.0011124560046","96.001403926034"
"Delomys_dorsalis",0.010741805465167,-0.0510736471343918,"8.99986059299944","51.9999985323985","294.994708110367","16.0002785112061","14.999999748","22.0009756050039","336.994704788391"
"Delomys_sublineatus",0.0701670786157627,0.0596338149388388,"8.00000001940531","55.9997201596045","215.995404125671","14.9998606038067","18.0002783534064","67.0018096030074","96.001403926034"
"Calomys_laucha",-0.052228332377541,0.0162446669065995,"9","42.0001393830006","444.998325355039","21","12.0002785100011","40.9995814383919","112.005436875807"
"Calomys_tener",-0.0747335586353012,-0.00494871002397019,"9.00000001940392","62.0002783323016","161.498192574686","15","21.0002784426014","78.0004178807027","47.4986082083839"
"Calomys_expulsus",0.0273799717314862,-0.00600204779217564,"9.00027859859414","66.0005574691827","126.003208317013","14.0001391555947","23","87.9976282828653","13.005440121107"
"Calomys_callosus",0.0404959112613956,0.0163690414447483,"9","62.0001389195997","158.998469371463","14.9998607809994","22","69.0008359832072","55.9970817537349"
"Wiedomys_pyrrhorhinos",0.00508209754040876,0.00331595538470677,"9.00027859859414","67.9995814064114","143.991083628356","13.9998605569994","23","89.0001391127863","19.9986078682404"
"Rhagomys_rufescens",-0.0279045600339593,0.000105343185826148,"8.0001394195947","56.0001391435958","215.995404125671","15","17.9999997205986","64.0012521710051","105.010602200473"
"Juliomys_pictipes",-0.00816948486095431,0.00018321812784233,"9","57.000417445602","232.497285121488","15.9996516175988","17.0001392832999","52.5018792331068","153.998545310844"
"Juliomys_rimofrons",-0.0107259237071008,4.79144945156494e-05,"8.99986058840251","56.0001385955975","212.999444490804","15","17.000278823195","69.0011124560046","99.9930411171961"
"Oxymycterus_quaestor",-0.103960188387897,0.00819075481458172,"9","58.0004174650017","235.992622677533","15.9997214493992","18.0002783100011","46.0026452022124","158.990394709957"
"Oxymycterus_rufus",0.0645166364181795,-0.0194796939382609,"9.99986062499944","42","472.00542938401","22.0001393670006","12","37.998606053383","133.005018034464"
"Oxymycterus_nasutus",-0.0275353084404012,-0.00168644689839279,"9","48.000556916607","347.993591190113","17.9997911574991","13.9999302948004","17.0004870991078","339.491921726727"
"Oxymycterus_dasytrichus",0.0631447237622631,-0.00168644689847222,"7.99986055299943","57.4979079800247","180.995469632482","13.9993026237236","20.0003484700917","61.4958172536932","98.9936680379826"
"Oxymycterus_delator",0.0194030671961314,0.0173312173566362,"9","49.0003478578035","345.995058453363","18.4997911594991","17.999999882","27.5002082565009","255.999867959342"
"Thaptomys_nigrita",-0.0333189848479118,-3.56535731206639e-05,"8.99986087039611","55.9994418484163","256.493523847777","15.9994423947945","17.0002088471","38.7526452661611","223.001329489868"
"Deltamys_kempi",-0.0139715504568873,0.00160201361684449,"8.9994424938698","41.5002088085008","426.997142101575","20.9997211110854","12.0001391113046","15.0000698491976","269.507793634518"
"Akodon_paranaensis",0.202125661660714,0.0114940607446872,"8.99986075439499","49.0004873708046","328.496657228776","17.4997907768939","14.0003485041067","18.499791391685","364.497768032774"
"Akodon_mystax",-0.243942536630101,-0.0121148153428747,"8.49972114110797","57.4996509201224","191.99637827145","13.9997211528106","19.5005573288934","77.9973495543179","62.0085098355847"
"Akodon_montensis",0.120811688812421,-0.0179845308050986,"9","54.0000694745966","279.998817552221","15.9998608526979","17.0001392832999","31.5012181148035","241.492276666787"
"Akodon_cursor",0.067586912137401,0.01991482173597,"8.99972125911491","60.4982565707921","177.995468898489","14","19.9999997440033","64.0001385061219","80.506628854273"
"Akodon_azarae",-0.0279333586912364,0.0683925810799051,"9.99902462268116","41.9999999806136","474.998188523434","22.9997215213891","11.0001391150006","35.9994418990576","133.005018034464"
"Akodon_lindberghi",-0.0172391904320608,-0.0322302378309563,"9","62.0004177107908","169.998609026591","15","18.9999997594037","82.0006966538101","44.9972148741995"
"Akodon_philipmyersi",-0.0470306588362022,-0.0110582308925774,"8.99993044219624","44.5000698465899","402.993038176998","19.4999304324997","16.0000695578038","22.4999299308024","327.50181832889"
"Akodon_serrensis",-0.00706577726125244,0.00115216539845115,"8.99986060839863","54.0001391470006","273.996240262174","15.9998608449994","16.0001389183987","27.0029246146202","286.982736525496"
"Necromys_temchuki",0.0302661124434403,-0.00692451972429543,"9","44.0002784020008","401.996588129397","19.9999999903037","16.5001392570008","42.998675933495","153.504810404605"
"Necromys_lasiurus",-0.0168727330327223,0.0213284587159803,"9","63.9997216419988","140.000420417001","14.0001393795969","22.9998606323981","74.0012536659172","45.0048752030724"
"Thalpomys_cerradensis",-0.012679303908109,0.000771261707843262,"9.00013940929762","63.9998607284031","99.0001399270761","14.999860600701","23.999999878","85.4999304302018","12.9997214254025"
"Thalpomys_lasiotis",-0.0126793039081416,-0.030834970414212,"9.50000000799889","64.0000000194059","121.498608243401","14.9998605689994","22.0000695897979","86.0002088202024","18.4995819976719"
"Bibimys_labiosus",0.235297874607432,0.0124505580986986,"9","57.999999495103","231.997075653986","15.9997910208995","17.0001392832999","54.5006948077112","153.998545310844"
"Bibimys_chacoensis",-0.235390147492268,-0.0124613617211603,"8.99999998060528","49","355.995961855536","18.9997214699989","16","21.0001388522122","350.999868650094"
"Scapteromys_aquaticus",0.00456019093480289,0.00112352597017462,"9","43","437.498052078426","20.9999999903043","14.0002088205009","40.4990239260807","153.003904422665"
"Scapteromys_tumidus",0.00456019093479654,0.00112352597017438,"9","42.4992331832444","429.997628648604","20.9998606186957","12.0001393950006","15.0001393776089","271.506828079774"
"Blarinomys_breviceps",0.00192148106437933,-0.0436315340268141,"8.99972141140445","57.4979079800247","211.995121159574","14.9999304144997","18.0002087505011","63.4987442952883","103.01450620057"
"Brucepattersonius_igniventris",-0.0180894894343384,-0.000180001090400857,"7.99986035979891","51.9999985323985","265.996101601785","14.9998603403992","16.0005573378031","42.0011135496035","256.990682237171"
"Brucepattersonius_soricinus",-0.176880334194653,-0.00929664663885214,"8.49993016990196","55.9996508817994","241.994706793788","14.9999301701996","17.0001392715986","44.5004839401189","228.485383830996"
"Brucepattersonius_iheringi",0.177193576469338,0.00944328397042778,"8.99986087639471","48.0004176456064","348.997910315596","17.9998608609994","13.9998606203947","15.0000005987861","368.004331090926"
"Rhipidomys_mastacalis",0.0889861065347604,0.00178783941373235,"8.00027858318605","59.9972098516176","181.997632848525","13.9998605569994","20.0002788940011","59.9941449652454","97.994294958769"
"Rhipidomys_tribei",-0.000481682129449743,-0.000635373954232114,"8.00000001940531","56.9999997668106","199.997494306418","14.9998605609994","18.0002783534064","81.9990230330491","49.0030695820691"
"Rhipidomys_itoan",-0.000481682221396664,-0.00063537407572596,"8.00006945520099","54.9998598232059","217.496446108038","14.9998604721029","17.0002091133971","56.0001358896203","148.488793360782"
"Rhipidomys_macrurus",-0.0769797915664264,0.00198458146402033,"9.00000001940699","64.0000695169056","108.000350176613","14.0003482926891","23.000138951299","84.0000001982987","19.998955870903"
"Hylaeamys_megacephalus",0.0038306613755855,-0.000536037865213894,"8","68.0001391875947","82.0015315655964","11.9999999805936","24.9998607489994","63.0016711640068","116.995825557765"
"Hylaeamys_laticeps",-0.0132486453793998,0.00835485046789724,"7.99993028620237","58.9980474256955","180.995469632482","13.9997212497032","20.0002788940011","67.4990905229412","80.506628854273"
"Oecomys_mamorae",0.00324357911012625,-0.000433323193868903,"9","59.9995820749983","184.996519869971","14.9997216693936","22.000000019397","61.9986076269708","74.9984684645816"
"Oecomys_cleberi",0.0293435652862504,0.000948060509092636,"9.99972143680838","62.9999997874014","141.998260758975","15","21.5000695954994","78.5004873313974","39.4978417125011"
"Oecomys_bicolor",-0.0579294458875719,-0.00262073228062853,"7.99972147799888","71.000000037784","67.9974922402225","10.9997214876957","24.9998607641069","58.000348290977","150.999509609836"
"Oecomys_trinitatis",0.0122615440402883,-0.00971923144102683,"8","69.9996515379123","93.4976322771701","11.999581841877","24.0002785402968","63.9991645497076","106.0113018559"
"Oecomys_catherinae",0.014120290918164,0.00126719189470517,"9","66.0003482175014","120.999794374833","13.9998607987071","23.0004875376844","81.0006967227886","31.9987467181003"
"Euryoryzomys_russatus",-0.000161080722174867,8.44102651443571e-05,"9","55.999929377601","256.493523847777","15.9997214531002","17.9999301841954","40.7520187194581","191.491994772376"
"Euryoryzomys_lamia",-0.00016108070698553,8.44102571755908e-05,"9.99972141340418","63.9998608324042","118.999585254402","14.9998608324047","20.999999768","83.0004184695963","25.9990252664008"
"Drymoreomys_albimaculatus",-0.00616606892415768,-0.00755665638862124,"8.00006945520099","54.9997905454008","240.496449055587","15.0001392793001","17.0001391375989","47.5017384456217","186.485033566986"
"Cerradomys_maracajuensis",0.0150600073766411,-0.0240054817034665,"9","61.9998603883992","166.99693690419","15","21.9998608484003","69.0008359832072","67.998606082792"
"Cerradomys_subflavus",-0.0591679606079615,0.0114102203368715,"9","65.9998607001191","148.496792304853","13.999999872292","22.0002789020011","84.9998600773668","31.9991655231031"
"Cerradomys_scotti",0.0318462800358036,0.0185640364179574,"9","63.0000000388106","130.999724582427","14.9998608284042","22.9998606329994","75.001532018802","45.9967978411911"
"Sooretamys_angouya",0.0331034304233286,-0.00098145951279752,"9","53.0005568326081","294.994708110367","16.0002785112061","17.9998606477922","42.0027848726115","171.99290837964"
"Lundomys_molitor",0.0720455973677972,-0.0144100973027357,"9","42.9987453632208","432.498048002414","20.9998608613029","12.0002089468043","15.0001393776089","271.506828079774"
"Nectomys_squamipes",0.054540155046696,0.0156239685584994,"9","61.0001391784014","181.997632848525","15","20.0001391630006","63.0015317690063","82.9959609331802"
"Pseudoryzomys_simplex",-0.0919669105749823,-0.00356241789933565,"9","63.0002783432106","140.000420417001","14.9998605729994","22.000417741602","76.0005569200023","46.9961043833964"
"Holochilus_sciureus",-0.0753984549510353,-0.020787237741796,"7.99986079270433","70.0002784488909","74.9993042772271","11.0000001105944","25","61.9997212368917","120.501529369897"
"Holochilus_chacarius",0.108098274699544,0.0132009465830678,"9.99986063299944","47.0004176770017","403.996240571592","20.0005569332251","17.0001391470006","59.9987455785538","60.0052976284512"
"Holochilus_brasiliensis",0.0328071520878531,0.0162067448451424,"9","51.0001388790006","309.997493715422","16.9997214927928","16.999999756","40.9995814383919","141.991506997357"
"Oligoryzomys_chacoensis",0.00571892798136221,-0.00190041761478434,"9","54.0003480271988","308.993595487368","17.9997214679989","19.5001392726976","64.4999296304998","65.9978420261803"
"Oligoryzomys_rupestris",-0.107426685286677,-0.00786891654199523,"9.99965169331423","65.0000693492041","136.998887484669","14.4999999585969","21.0003481783926","88.9985359103421","16.9983283588061"
"Oligoryzomys_eliurus",0.103281545639968,0.0032831557607987,"9","62.000278314602","167.987880473298","14.9998608364025","21.0000000193992","71.0001392332015","58.9970753608059"
"Oligoryzomys_flavescens",-0.00801596281756142,0.0430729672608982,"9","45.0001392706949","410.496868022791","20.5000693995031","14.0001392556058","49.0012524585269","102.502579188585"
"Oligoryzomys_stramineus",0.0630127992784959,0.0204041522657814,"9.99986058040976","66.0005574691827","121.002373141829","14.0001394310006","23.0000000388162","87.9998594004097","12.0040446612613"
"Oligoryzomys_nigripes",-0.0541150088123542,-0.0236628733810748,"9","59.4983958077994","206.495822712582","15","19.0002788820028","53.499092035968","106.0113018559"
"Oligoryzomys_moojeni",-0.0320040618902852,-0.0272790886274191,"9","66.0002785985942","95.0004879816138","13.9998608164064","25.9997213991119","83.4995129440163","9.49979108809269"
"Oligoryzomys_fornesi",-0.0482582253352651,-0.0107361104941733,"9.00013936760305","63.9988839793049","145.999305943233","14.9999999805969","21.9998605889995","75.0004182284031","46.9961043833964"
