"Species","rates_squa_svl","rates_squa_litter","CHELSA_bio2_1981.2010_V.2.1_median","CHELSA_bio3_1981.2010_V.2.1_median","CHELSA_bio4_1981.2010_V.2.1_median","CHELSA_bio7_1981.2010_V.2.1_median","CHELSA_bio11_1981.2010_V.2.1_median","CHELSA_bio15_1981.2010_V.2.1_median","CHELSA_bio17_1981.2010_V.2.1_median"
"Coleodactylus_brachystoma",-0.00056849275566968,-0.00224924253253767,"9.00013936760082","63.9998607130003","99.9995123711154","14.0003482227008","24.0000696035003","81.9995127909084","15.9992338894983"
"Coleodactylus_elizae",0.00046829512115058,0.00183892125081017,"2.00055649092555","46.0019467931164","80.0038950834021","4.00083513009598","24.9997216168296","59.9997222259063","134.991635397842"
"Coleodactylus_meridionalis",0.000283317140262561,0.00141992432164757,"9.00013940359273","67.0000696189084","117.002093520309","13.9997213888218","24.0001392227074","85.9995808137732","11.9993036021077"
"Coleodactylus_natalensis",-0.00104462905277504,-0.00408384535503692,"7.99902373099612","73.9955378850673","89.9930312555593","10.9987450644115","24.0004176301688","74.0012536659172","45.0011164365868"
"Homonota_uruguayensis",-9.15234113966551e-05,-0.000137119740516783,"9","43.9999303141957","431.497353023293","20.9998608613029","13.0002086905009","16.0001387076103","296.508355506607"
"Gymnodactylus_amarali",0.000500116897377624,0.00136169336381907,"9.00013940359273","66.0003482057979","101.00000038009","14.0001394015939","24.999999784","84.0000003965947","10.9999997971849"
"Gymnodactylus_geckoides",-0.000130579910114665,0.00136169336532503,"9.99986078499944","66.0005576576592","135.002509407292","14.0001394275875","24.9997213728262","92.0015323175919","19.9986078682404"
"Gymnodactylus_guttulatus",-0.00136905738285572,-0.00534950132414522,"9.00006944579792","62.5000694437979","171.998540332856","14.9997214171082","19.5001392798926","88.9985359103421","29.9993046706995"
"Gymnodactylus_vanzolinii",4.38043032016202e-06,1.37053106374504e-05,"8.99999987029484","67.0002087596802","147.500278607809","12.9999998702948","21.0002786460006","63.9997191502539","49.5171466786005"
"Gymnodactylus_darwinii",0.000191293231679499,0.000719192580699237,"7.99972087681064","55.9993020928383","201.993870454904","14.9984665234257","19.9998610935947","66.0002759892304","81.0054395660975"
"Phyllopezus_lutzae",-6.89486274756048e-05,-0.000319546719163761,"7.99958142923935","63.9988839793049","149.999303850638","11.9995811772394","23","52.0040386176605","100.997633447116"
"Phyllopezus_periosus",0.00165556928798204,-0.00082270847298241,"9.49986038387475","69.5005566100022","125.495472366683","13.4995815701659","23.5002089447929","69.0015305190467","45.4996546887898"
"Phyllopezus_pollicaris",0.000243331284441154,0.00506447539413098,"9","64.0000000194059","130.999724582427","14.0001391595936","23.0001389395975","71.9995825784047","49.9963794195864"
"Hemidactylus_agrius",0.00048469245299823,0.00212074189061655,"9.000139423588","69.0008358328329","115.997076861573","13.9984682709938","26.000000019412","96.0004174752394","12.0013940712776"
"Hemidactylus_brasilianus",-0.000307978134952469,-0.000558760291392188,"9.00013945100055","67.0001389550006","120.997215607837","13.999999764","23.9997213974064","86.000279128824","8.99972141681396"
"Aspronema_dorsivittatum",0.000240126131648256,-0.00686992599666834,"9","51.9999990398971","297.496239478351","16.9997214653969","17.5002090287909","63.0016014665065","70.0048097452161"
"Brasiliscincus_agilis",-0.00215645831266873,-0.0158337759383286,"8.00013928929763","59.9999997457035","174.9972791649","13.9996515379067","20.0003484700917","65.4989518794079","78.0141616202563"
"Brasiliscincus_caissara",0.00128201472417571,0.00675093192447295,"8.49999987370154","55.999929377601","216.498607533609","14.9999303019034","17.0002091133971","64.5011126453201","110.491507856783"
"Brasiliscincus_heathi",0.00141975755338644,0.0134038731779804,"9.00000001940699","67.0001391875908","117.001257111005","13.9997213814086","24.0002786145919","87.0001394310006","13.0020886307591"
"Psychosaura_agmosticha",-0.00136940770493875,-0.0124082528897116,"9.99986041499943","68.0011842683826","143.993801469893","14.4997910669145","24.0001389595852","89.0005558733662","21.9994428006323"
"Psychosaura_macrorhyncha",0.000893727260884436,0.0130714937737304,"8.99999973600002","60.9998602889995","171.0012561596","14.0001391561822","20.000278847186","78.0008355254065","49.0091968023392"
"Copeoglossum_nigropunctatum",0.00195535428615341,-0.00477815300642695,"7.99986081239473","70.000139602412","73.9972134348094","11","24.9998606375941","60.0002786392072","130.976317239689"
"Notomabuya_frenata",-6.17660485613385e-05,0.0184898869383561,"9","63.0000002434053","138.997214690206","14.9997213974064","22.0002785306036","69.0005574897896","62.0023679409847"
"Manciola_guaporicola",5.39416855638276e-05,-0.00168781765293269,"9","63.0005570463032","109.995197409282","14.0002089613987","23.0001391870006","72.9994431619978","51.5002078270567"
"Ameiva_ameiva",0.00143117140214013,0.000292351795634274,"8","68.00027869298","85.0006977117023","11.9998607884126","24.0002785500011","61.0006967534172","107.997911543367"
"Ameivula_cipoensis",-8.25085678147611e-05,-0.00096057412335937,"8.99986056499945","59.999999472","184.999583278998","14.9998608289994","19.000000264","88.9993033724025","39.9990259388331"
"Ameivula_ocellifera",4.39718051646573e-05,-0.0114096672333436,"9","64.9998608558123","117.995403674061","14","23.0004181295858","72.0004182090016","51.9967973217864"
"Ameivula_littoralis",-0.000156118189766215,0.00299301779878754,"8.49993028820209","55.9978384426536","212.995260291595","14.9999303019034","19.4998611247007","67.5006942226175","88.5034217460657"
"Ameivula_abaetensis",-0.000638475748463017,-0.00117446998877202,"7.99979059832541","64.9988142580938","150.498740837725","12.4994419899434","23.000069717794","38.002019467911","111.006073441581"
"Ameivula_nativo",-0.00108863039145238,-0.00117446998848549,"6.99916329399668","58.9960951039845","161.991354880784","11.9988843919956","22.0002789020011","26.0000009278683","232.003488574287"
"Contomastix_vacariensis",0.000196190292682324,-0.000847088946520468,"9","50.0004176576059","315.994847155168","16.9998605929994","13.9999999806053","18.0011144640045","367.994145752328"
"Contomastix_leachei",-0.000310622873167475,-0.0018209370492451,"8.99986062239305","46.5004176590017","370.995821717128","18.9993727643768","13.500000278","14.0004176085163","353.499369135753"
"Kentropyx_paulensis",1.69087648130826e-05,-0.0185931029522608,"9.00013915159833","62.9999997760006","137.995404683691","14.9999999805961","21.9998608386999","79.5005570245992","36.9985378541947"
"Kentropyx_viridistriga",0.00127008636405004,0.0259603701214347,"9","59.999860648397","188.994429391768","14.9998608403958","22.0000000193992","64.0011142000045","70.0015312938395"
"Kentropyx_vanzoi",-0.00253518263854037,-0.00962081508660939,"9","64.0001391124031","93.9989563396069","14","24","73.000139449799","48.9988159438952"
"Kentropyx_calcarata",0.00118060472999267,0.00683598505877094,"8.99986064639807","66.0004179918876","99.4983277294031","13","24.0002786185913","70.0000002114087","65.0002126551032"
"Teius_oculatus",0.000164789146868724,0.00264913794621936,"9.00013936300056","42","469.998608608912","22.0001393396125","11.0001392550006","40.9991633050812","119.497287302782"
"Teius_teyou",0.000262243673502238,-0.00162320775084431,"9.99986065639138","48.0001391470006","394.995545650767","20.0001393510006","17.0000000193908","66.9994421273847","42.0057085736812"
"Tupinambis_quadrilineatus",-0.000847309883630046,-0.00401404022752319,"9","65.9999302522018","87.9986089199011","13.9998607129994","24.0002785685983","77.9993040041043","27.9996515391908"
"Tupinambis_teguixin",0.00112388581504097,0.0082729584615582,"8","68.4990252260101","79.500488583557","11.9995124263491","24.0002785366028","58.9983978429069","121.995819938353"
"Salvator_duseni",-0.000320855592235608,-0.00670334424677175,"9.00027856089594","63.0002090865006","117.499166944381","15","22.00000012","81.9997219556993","27.4993738967947"
"Salvator_rufescens",0.000456375851157757,0.0145141930742374,"10","47.0004175982223","414.997075733596","21.0000001652239","16","66.9993027296081","45.0025101407917"
"Salvator_merianae",4.5872786017783e-05,-0.0242343714660019,"9","64.0004177790017","118.99561299978","14","23.0002785486011","62.9998602136028","77.0004201657716"
"Acratosaura_mentalis",-9.1435334017126e-05,-0.00038418862984668,"8.99999976000001","66.9970698747407","148.992607717798","13.9997213814086","22.0002781311805","64.00152661289","45.9981929409928"
"Acratosaura_spinosa",0.000414610984294888,0.0016033901724127,"8.99999987029484","67.0002087596802","148.499721611285","12.9999998702948","21.0001392087057","63.9997191502539","49.5171466786005"
"Stenolepis_ridleyi",-0.000920877829676015,-0.00367205427831162,"9.99999988770712","72.5008358791727","116.996240267817","13.9999303884994","24.0003478946696","93.9983237425305","20.0019545754231"
"Colobosaura_modesta",-0.000117657828611262,-0.00128561903908491,"9","66","99.0006967994548","14","24.0001392230006","78.0004177918056","30.0013912849679"
"Alexandresaurus_camacan",0.00108553956358067,0.00427379232720219,"6.99923294002417","60.4965830357111","154.494981460734","11.9988843919956","21.5004182075905","25.0003488234356","228.006064583505"
"Caparaonia_itaiquara",0.000639692470095142,0.00127312032349717,"8.0000697195","56.5001390367038","198.498469392479","14.9990939664152","19.9999306905003","76.4999287742019","58.5002815756204"
"Heterodactylus_imbricatus",0.000885446856776846,0.0015738850546299,"9","58.0001388795958","208.996519946598","15","18.0002783145969","72.0009745867997","79.9948482554015"
"Heterodactylus_lundii",8.01936036014474e-05,0.000917526131312937,"9.00013928929818","62.9997908826057","168.501047278504","14.9999302962018","20.4998604487021","88.5004873333949","29.9993046706995"
"Heterodactylus_septentrionalis",-0.00237895459942978,-0.00886251503964616,"8.99999998058967","67.0004175193604","146.002227908598","12.9999999805897","21.0001392144109","67.9974920488094","45.0027862678797"
"Colobodactylus_dalcyanus",1.60463397876961e-05,0.000699729162097264,"8.9999999902979","57.0000693252007","214.498817770104","15.000069701799","17.0002787045981","68.001461029506","96.9978494424015"
"Colobodactylus_taunayi",-0.000222396165917096,-0.000440147610169052,"3.9994426353958","31.9970740379784","294.992612026951","11.9993032203952","17.0004179496036","27.9987451247814","295.000832087285"
"Scriptosaura_catimbau",7.97956829458488e-05,0.000424768639353706,"9.99979081920598","68.0003485606202","144.990035139318","13.999999752","23.0002089270861","66.4999283264998","39.4990979303002"
"Gymnophthalmus_lineatus",-0.00106442330973968,-0.00355110060103445,"8","69.9993037655266","95.9986768737307","11.999999980588","25.0001392515899","65.5004180451622","87.9877416816422"
"Micrablepharus_atticolus",-0.000691082682748598,-0.000291266090016855,"9","63.9994428748017","109.994013997963","14.9998605964042","23.0001391790006","77.9993038089972","34.9987466541876"
"Micrablepharus_maximiliani",0.000386691027564939,-0.000291266091273977,"9","66.0004181970017","105.996238818232","13.9998608009994","24.0001391995947","80.0001396041944","28.0013921049985"
"Vanzosaura_rubricauda",-0.000859589852531172,0.00178864454050119,"9","64.0002783705981","127.996658659402","14.0001394192954","23.000139059301","77.9997216919992","32.0000008165818"
"Rhachisaurus_brachylepis",0.000177124615056244,0.000910334345785287,"9.00006958550112","63.0001393187018","171.001117068971","14.9997909929056","19.9999998837043","89.5001387792988","23.5031385777535"
"Bachia_bresslaui",0.00108477837574524,0.00448353393024421,"9","63.0002090865006","118.499515599087","14.9998608284033","23.0000000096993","78.5004877296991","33.9988161161928"
"Cercosaura_parkeri",-0.0017563506335229,-0.00450211168709501,"8.00013935900056","64.0006962328119","115.992899008974","13","23.0001391950006","65.0001394642022","74.0013936876454"
"Cercosaura_schreibersii",-0.00147573035649198,-0.0045021116871529,"9","57.0006960056031","259.99575388379","15.9998608269994","18.9999998896988","64.9997206623004","67.9990960806841"
"Cercosaura_ocellata",0.00386536204728072,0.0117571118753689,"8","67.0002786374081","91.9991647486545","12.0001393316047","24.0001393590006","60.9994432685963","110.000561858793"
"Cercosaura_quadrilineata",-0.000763475566777324,-0.00301898002299868,"8.99993017419876","56.0001388695967","231.997075653986","15.4998606143981","17.000278300301","51.5019489132068","160.996803818436"
"Placosoma_cipoense",6.13039193040723e-05,0.000366034226371072,"8.99999974000002","60.9998600409995","181.997632848525","14.9998608289994","19.0002783385947","85.9997212929695","39.9988897522523"
"Placosoma_glabellum",-1.66007737908813e-05,-0.000289321582492143,"9","61.0004178515995","194.495196818294","15","19.9999997422993","74.5006268438015","59.4995850659253"
"Placosoma_cordylinum",-0.000297728012135713,-0.00101472976592867,"9","63.0001391830006","140.495544841683","14.5000695934944","22.0001393933007","77.9995128089014","39.4992359588236"
"Anotosaura_collaris",-0.00056207701345298,-0.00146521081447178,"8.99958182211155","65.9995813215256","153.99895610997","12.9999998760014","22.000069847502","57.9951199206304","72.0054378601593"
"Anotosaura_vanzolinia",1.2060309644772e-06,-0.00673114588773247,"9.99972107399886","70.0002776860011","132.995541059305","12.9998602541676","22.9998603164142","73.0004134970018","33.0000029196077"
"Dryadosaura_nordestina",0.000959628385598652,0.0148258914736898,"7.99902373099612","66.9970698747407","115.992331156633","10.9987450644115","23.0004181295858","58.0025086505936","88.0007085008614"
"Leposoma_annectans",-0.000989045526378865,-0.00374355972902634,"9.49993015820655","66.5010453302105","156.497071467133","13.5000694912068","23.0001394452943","47.0025070174692","65.4974278076635"
"Leposoma_scincoides",0.00159720051185833,0.00462814727838968,"7.99930255121978","58.9960951039845","177.996516411659","13.9987450934401","22.000139427593","62.9974895421409","101.018410200667"
"Leposoma_puk",0.000360008039428101,0.00181420380684098,"6.99930258605166","60.9959562198046","158.990381223649","11.9988843919956","21.0006966847702","26.0000009278683","224.008640592723"
"Leposoma_nanodactylus",-0.000909551971091369,-0.00306609368291781,"6.99930258605166","60.9959562198046","158.990381223649","11.9988843919956","21.0006966847702","26.0000009278683","224.008640592723"
"Leposoma_sinepollex",-0.00136395166057167,-0.00485082199329424,"6.99930258605166","59.9972098516176","148.992470694158","10.9993023300517","21.0006966847702","20.0048779726781","261.977311872336"
"Ecpleopus_gaudichaudii",-0.000220489351124737,-0.000408617100118068,"8.00013928929763","57.4979079800247","207.998818579089","14.9998604506993","18.0006271412908","63.4987442952883","100.505725658931"
"Amphisbaena_alba",0.00399540369587484,0.0226450209687183,"8.00020896110111","66.0004181835908","100.001252992318","12.9998607889994","24","59.0013230485054","103.012821216138"
"Amphisbaena_camura",-0.00225157550023824,-0.00892920995154157,"9.99999998060582","50.0005566166081","352.993178166549","18.9997214893936","19.0000000193936","67.9983276347816","41.0019523358403"
"Amphisbaena_roberti",-0.0012937546637086,0.0248353667873235,"9","61.0001388601978","228.996519357784","15.0001391355997","19.0001391590006","54.9998586852178","144.991647921767"
"Amphisbaena_vermicularis",0.000932129092032263,-0.0273640570031013,"9.00013942329428","67.0001393035899","116.500003395593","13.9997908409106","24.9998604312965","88.0000000485244","11.9992334831926"
"Amphisbaena_octostegum",-5.88842081927923e-05,-0.000247746055385243,"6.99944168740974","60.9969310205795","148.992607717798","10.9993022518212","23.0001394550006","42.0002811132971","211.983151643182"
"Amphisbaena_bahiana",-0.000219900329528379,-0.00088016292387439,"6.99944168740974","60.9969310205795","148.992607717798","10.9993022518212","23.0001394550006","42.0002811132971","211.983151643182"
"Amphisbaena_neglecta",-0.000762838338953693,-0.00301263981323101,"9","63.9997212328078","97.9997909780949","14.0003482227008","24","80.9996520867973","27.9991642059983"
"Amphisbaena_dubia",9.11564231380096e-06,0.000265307401405524,"7.99993005560016","51.4995810408936","271.996937531685","15.9994423947945","15.5004875157028","32.5000689867927","287.490185978504"
"Amphisbaena_amazonica",0.00884823048735777,0.0347517229057119,"7.00013923959413","72.999999848593","70.0022291782316","9.99986077699944","25","57.0009751029062","174.003202729937"
"Amphisbaena_heathi",-0.00877488156167916,-0.0344659013975123,"4.99888530166582","70.9935902834136","71.9931731864889","6.99888530166582","25.0000000194176","74.0012536659172","45.0011164365868"
"Amphisbaena_leucocephala",8.78262486229629e-05,0.000328483010612177,"6.99916329399668","60.9959562198046","146.993584617513","11.9987452204053","22.0001397304109","23.0009772281587","245.009337710059"
"Amphisbaena_pretrei",0.000211554269687227,0.000814444832676114,"8.99999975200001","67.0004175193604","146.993584617513","12.9998608204103","23.000000504","59.9994431559978","55.9970817537349"
"Amphisbaena_wuchereri",-5.88842088162207e-05,-0.0002477460549828,"7.99986055299943","59.9983964078648","168.497562188309","12.9998606867049","21.0002787602954","57.9951199206304","88.5072538603602"
"Amphisbaena_lumbricalis",0.000146670279885679,0.000559602462770456,"7.999372426714","55.997420191274","201.992264304148","14.4989544145235","19.5003486135005","67.9981147571959","80.506628854273"
"Amphisbaena_hogei",-0.000390858575836131,-0.00155162909822725,"7.99986035979891","51.9999985323985","234.997631950189","14.9997212122031","17.0001394035992","46.0011099950343","205.978837364405"
"Amphisbaena_scutigerum",-5.8884209094288e-05,-0.000247746053936581,"7.99972089050935","52.9990232850374","214.994841786507","14.4995117728163","19.5000002974036","61.5003445416266","119.992138946608"
"Amphisbaena_fuliginosa",-0.000131085579303734,0.00053555743281151,"7.99965179702164","71.000417654701","67.0002791290322","10.9993731790715","25","58.0006272358093","150.999509609836"
"Amphisbaena_mertensii",0.000217671219011283,0.00780842901296949,"9","56.0008349346054","267.994294199549","15.9998608449994","18.0002783100011","37.001392848804","185.992900242754"
"Amphisbaena_albocingulata",-0.00112592923514761,-0.00443873806504328,"9","54.0004174650017","292.993177326556","16.9997214733958","19.0001391590006","36.0012525774195","182.007391436117"
"Amphisbaena_angustifrons",0.000901860871594724,0.00681983505798632,"9.99993041941737","43.0002086985009","460.994079456745","21.9999304285","14.0001391310006","59.9986061002982","60.5027193597259"
"Amphisbaena_darwini",-0.000866172239271448,-0.00127047661870174,"9.0004175962231","43.0001393850006","440.496449581658","21.9997214996948","13.0001393990006","45.4991635556907","112.50014499759"
"Amphisbaena_munoai",0.000370534382260229,-0.00471271056996986,"9","43.9998606283914","427.997490631814","20.9998603563897","12.0002784986081","14.9998605702156","304.000832711505"
"Amphisbaena_infraorbitale",0.00094380634637238,0.00557539153782764,"7.99986044810797","56.5000694552032","199.496657466722","14.4996514333103","19.0004181541905","73.4989514469018","69.504747172549"
"Amphisbaena_microcephalum",-0.000564795878440375,-0.00437304021001963,"9","49.0000000096957","363.49283041196","18.9998607209994","17.0000000193919","48.9990242909964","117.503276428692"
"Amphisbaena_nigricauda",-0.00137433282251546,-0.00753060000710557,"8.00027858318605","60.9998602889995","168.998469181075","13.9994425188139","20.0002788940011","63.9955392891668","89.0224457104664"
"Amphisbaena_prunicolor",-0.000230118440020083,-0.000920296205354852,"9","51.0002087181988","318.996169720392","16.9999999806039","16.0001390170031","23.4999995199989","321.992347725699"
"Amphisbaena_heterozonata",-0.000105811255407929,-0.000416055582486562,"9.9999999806153","43.9998608769994","455.996939074332","21.9998608569994","13.0001391270006","54.0020888416093","62.0016737960067"
"Amphisbaena_trachura",9.36866362301413e-05,0.000367504669227349,"9","48.9952606317294","342.996098807379","17.9997214539989","14.999999744","22.9998601443942","295.000832087285"
"Amphisbaena_kingii",-0.000276840436059521,-0.00297028651332598,"9.99986087469429","41.9999999903068","479.496380076623","22.999791059806","11.0001391150006","40.9991633050812","80.003552444516"
"Amphisbaena_sanctaeritae",-0.000708650103709512,-0.00279980674959295,"9.99972143740085","62.9994426188017","197.997914029011","15.9997214374008","18.9997211814009","74.0001389458045","67.9993049567715"
"Amphisbaena_wiedi",0.00150137492572613,0.00588042417454432,"6.99930258605166","60.9959562198046","149.999581697818","11.9988843919956","21.0006966847702","26.0000009278683","224.008640592723"
"Diploglossus_lessonae",-0.000104740162886478,-0.00127944286544368,"9.9988861839955","70.0002776860011","117.995403674061","13.9993028861643","24.9997213728262","94.9973475241562","19.9986078682404"
"Ophiodes_fragilis",0.000556153642872267,-0.0135468025279779,"9","58.0001387531931","224.994988615774","15.0001394150006","18.0002790677952","54.0005558233998","141.991506997357"
"Ophiodes_striatus",-0.000760368669258083,0.0109845995961111,"9","61.9997214687995","195.997634713589","15","19.0006963127903","70.0015317388037","70.9974935003887"
"Ophiodes_vertebralis",0.000979288368391246,0.0133102055648299,"8.9998606323897","41.0002784746114","457.998050788774","21.9995819525527","11.0001391150006","15.9995810857789","254.002368383686"
"Ophiodes_intermedius",-0.000588710726374561,-0.00879672517308236,"9.99986063699944","42.0001391270006","473.997215633545","22.0001393670006","12.0002784746114","49.9988850707783","76.0036251092777"
"Anolis_williamsii",-0.000388965741481321,-0.00366936797793991,"7.99999976741146","65.9987445368827","149.001670271538","12.9993028026474","23","34.0030669049497","117.001820396631"
"Anolis_meridionalis",-0.000573594159220418,-0.00366936798034935,"9","64.0002783820012","99.0006969791539","14","24","74.0009748622011","40.9966579014081"
"Anolis_brasiliensis",-0.00060605009369138,-0.000724158693154161,"9","68.0005572360022","95.0005576988185","13.000000204","25.0001394070006","77.9995823984053","12.0005561509562"
"Anolis_chrysolepis",0.000618755765804088,-0.00072415869368519,"7.9999999903004","70.0004176538862","70.000140218196","11","25","62.9990247938159","124.003062770845"
"Anolis_fuscoauratus",-0.000822151385602563,-0.00366936797836211,"7.9995822663925","71.9997213539989","67.0002790532571","10.000278606593","25","57.9991646247928","158.997216081292"
"Anolis_nasofrontalis",-0.000458116398153853,-0.00480499207393132,"7.49909359219984","59.4958862065217","163.49281889724","12.9987450987001","22.0001395887057","42.9992333851498","175.009969955266"
"Anolis_pseudotigrinus",-6.78404146419728e-05,-0.0048049920739354,"7.99986044810797","55.9997206182171","199.495051315965","14.4992332617129","20.4997915529047","73.4989514469018","69.504747172549"
"Anolis_punctatus",0.00028832459104233,-0.00480499207598205,"7.00027861059246","71.9998606789972","61.9996524928096","10.0001392870078","25","55.9988862296101","177.992197602633"
"Liolaemus_lutzae",0.000368192093211013,0.00133034869852117,"7.99916329931774","53.9967926864886","207.490867122889","14.4988147326258","20.4999307256077","60.9990204318041","112.494156766639"
"Liolaemus_occipitalis",-0.00023014922671472,-0.00039489810642328,"7.99951196458878","47.9992325962093","325.996725513783","16.9991635924862","13.999930415105","17.9996522466844","339.491921726727"
"Liolaemus_arambarensis",-0.000542870448041059,-0.00410301375492007,"8.99972141740361","56.0001385955975","212.999444490804","15","18.9998611558067","69.0011124560046","96.001403926034"
"Anisolepis_grilli",-3.43590225962716e-05,-0.007892064978341,"9","53.9999998021925","275.995542725574","15.9998608449994","16.999999756","27.9987451247814","286.982736525496"
"Anisolepis_longicauda",0.00249282061175571,0.00941982830422127,"9","43.9998606483914","413.997494724422","20.9997215093908","16.0000000193919","49.9990246156041","115.005018168372"
"Anisolepis_undulatus",-0.00342514292037881,-0.00702964427202546,"8.49972110648543","43.4975600613702","391.494844518495","19.4993727703757","13.0001393990006","13.5004875643203","326.99601909917"
"Urostrophus_vautieri",-0.000675902115745537,-0.00166327474831774,"9","58.9998600329995","208.996519946598","15.0001394155964","17.0005574097896","78.0008355254065","54.9988863931893"
"Urostrophus_gallardoi",-0.000184106153745986,-0.00168324474622466,"10","48","425.998888142775","21.9998604363875","15.0001393510006","85.9994423646053","17.9999988821742"
"Enyalius_bibronii",0.000791568614549428,-0.0160672770537304,"9.00000000970321","66.4990225381655","137.500070721314","13.9997908409106","23.0001394472937","87.4983261380948","17.5005572726563"
"Enyalius_erythroceneus",-5.1517999667092e-05,-0.00499957383390325,"8.99999998058967","67.0004175193604","148.001113915549","12.9999999805897","21.0001392144109","67.9974920488094","45.0027862678797"
"Enyalius_catenatus",-0.00102186391321069,0.0182870056480494,"9.00000001940392","63.4993716107024","148.992539205978","14.999721283101","21.9998605889994","82.0008353822999","32.4993756624968"
"Enyalius_pictus",0.00158726471989086,0.00664718179164142,"7.99986055299943","60.9959562198046","167.99623972744","12.9998605529994","21.999721680815","57.9963736867205","101.018410200667"
"Enyalius_bilineatus",-0.00163255180063133,-0.0206907250631257,"9.00000001940364","62.9997208974036","171.000977978341","14.9998605924059","19.9999999805925","85.9997212929695","32.9987492255888"
"Enyalius_boulengeri",0.00114185631212251,0.00522222913818181,"8.99972141740361","56.0001391435958","215.995404125671","15.9997213979989","19.9998610935947","75.9993011489972","59.0016762026495"
"Enyalius_iheringii",0.000717621345244006,0.00896368643409864,"7.99937266989587","49.4963056912081","279.496937522888","14.9998604721029","16.5003483707011","34.9999293371924","287.490185978504"
"Enyalius_brasiliensis",0.000931361872778669,0.00027412663116459,"9","62.0000695815009","178.499654243776","14.9998608464033","19.5002784760003","81.9994421824279","44.9979817524056"
"Enyalius_perditus",-0.00124907586468596,0.000274126631285908,"9","61.0001390192996","201.498469500494","15","18.9997908812002","75.0001380055992","59.4995850659253"
"Eurolophosaurus_nanuzae",-0.00125436728618685,-0.00746835555629827,"8.99993015249973","62.4999297799062","175.000280568155","14.0001391575941","19.0001394312971","87.9991622947362","30.0036975204844"
"Tropidurus_catalanensis",0.00141559584220487,0.00537214861051356,"9","46.0005567846081","374.997077371652","18.9999999806058","15.999860632393","24.0011135335946","289.015878301709"
"Tropidurus_guarani",0.000772291250700553,-0.0174328056874567,"9.00000001939919","62.0002783443016","158.497494471199","15","22.9999304064997","70.001044581104","67.4966569287903"
"Tropidurus_hispidus",0.00363031316680946,0.0267302583499851,"8.00000001941144","68.0005568725958","88.0005559051884","12","25","72.0009745867997","55.9990325687582"
"Tropidurus_torquatus",-0.00294923654187776,0.00177930882120036,"8.99972135570459","66.0004876805006","99.0021598326528","12.9999999805944","24.0001392307074","64.4995771912377","87.9979105594045"
"Tropidurus_oreadicus",-0.000421217332674023,-0.0373070855915094,"8.99986083239861","66.9997210574014","86.0016729411883","13","25","72.9999997175968","48.0044553812062"
"Tropidurus_hygomi",-0.00262004011547518,-0.0279410110106582,"7.99979059832541","64.9988142580938","150.498740837725","12.4994419899434","23.0000698477935","46.5011165951182","100.495893793751"
"Tropidurus_itambere",-9.89671562386745e-05,0.0105233446415088,"9.00000001939974","62.0005571012017","150.994989326402","15","21.9998604123975","78.0004177918056","45.9966578671932"
"Tropidurus_etheridgei",-0.000805681478753759,0.0318972851201442,"9","62.9999999902982","136.995266585088","14.9998606004036","22.0002785386025","72.9999304492981","45.9967278541922"
"Tropidurus_erythrocephalus",-0.000357296473576863,-0.00260247746637343,"9.99972138882177","67.0001394155902","119.002233645186","13.9997213888218","22.9993031032265","87.9960961349991","7.00669261327548"
"Tropidurus_mucujensis",-0.000757438327111541,-0.0283659920699673,"8.99999987029484","67.0002087596802","148.499721611285","12.9999998702948","21.0001392087057","63.9997191502539","49.5171466786005"
"Tropidurus_montanus",0.00134218427631066,0.0107245955374727,"9.99979099290558","64.499999635407","160.998680319495","14.4999999882968","19.9999998837043","93.4993022775891","16.5006285072074"
"Tropidurus_semitaeniatus",0.000169308526220314,-0.00728635185082965,"9","67.9996512682052","122.500907325616","13.0001392978831","24.999512020023","86.5001396570022","13.0014613667287"
"Strobilurus_torquatus",0.000589320269044954,-0.00210804488384159,"9.49993038649971","70.0011144565886","117.496448705582","13.4999998622926","25.5001393252934","97.5001393311966","18.4981894060694"
"Tropidurus_spinulosus",0.000739570126821197,0.0067591397015601,"9","54.0005570760023","298.997636073841","16.9998608329994","20.0001391590006","65.0015316440159","65.0058545146315"
"Stenocercus_azureus",-0.000498891567947894,0.00705553140780655,"9","52.0001388830006","292.997773443991","16.9991633789758","14.0006967328069","23.9993023243886","323.982040274519"
"Stenocercus_caducus",0.000180010904218712,-0.00449069418365558,"9","58.0002787386042","221.994989794997","15","21.9998606643953","62.0008354500034","72.9976330243884"
"Iguana_iguana",0.00207375975527207,0.014839547666005,"8","68.0002782820011","84.9999998990131","11.9997215814031","24.0001393910006","60.9987464021743","114.002785025433"
"Hoplocercus_spinosus",0.000381394601834956,-0.00297626064647439,"8.99999998059524","66.0004178135953","90.9988845142283","13.000000204","24.9998606284059","74.999164953407","45.9967978411911"
"Polychrus_acutirostris",0.000509793709332922,0.0140984758210691,"9","65.0002784300011","115.998745450971","13.9999999805925","23.9998603609994","72.0005571268207","51.0032012284193"
"Polychrus_marmoratus",0.000629064315243173,0.00608102542482442,"7.99986065640922","70.9993036517867","71.0012544406219","10.9998607889994","24.999999980593","59.9941449652454","137.992619780741"
"Epictia_munoai",-0.00045027764989589,-0.00158730964999413,"9","43.9962364552186","427.997490631814","20.9998603563897","12.0002785100011","14.9998603136047","304.000832711505"
"Epictia_borapeliotes",-0.000618278359737013,-0.00224715961883673,"9.0001394275866","68.4996518656233","140.999653581717","13.4993734527915","24.0002086987923","91.5004872261564","20.0009077767889"
"Epictia_australis",-0.000142842789336298,-0.000379809485727427,"10","42.0001391310006","483.498189788382","22.9998608576119","11.0000000193872","50.0002780595271","61.0020226036441"
"Trilepida_brasiliensis",-0.000518575246443962,-0.00193527051459075,"9","66.9999998380031","97.0004173598979","13.0001393750006","24.9998606344048","76.999930765006","34.500138457"
"Trilepida_jani",-0.00235654488468398,-0.00924167066656206,"8.99993028249972","60.4999297564997","186.499445325402","14.9999999902976","18.5001392892985","86.9997209028078","42.4988872847224"
"Trilepida_koppesi",0.00243971312145995,0.00959640877082885,"9.00013939559916","62.000139186402","183.996101929975","15","21.0001391475992","70.0008361466031","70.9974935003887"
"Trilepida_salgueiroi",0.000537777617989006,0.00220557478266756,"8.00000001940698","59.9972098516176","177.99442138532","13.9998605569994","20.000278847186","70.9986017448065","71.997781432439"
"Amerotyphlops_brongersmianus",0.00727186885892532,0.0276697468343946,"8.99972142940195","66.9970720320534","103.498676565086","13","23.9999999903001","62.9997908792107","92.0069048346943"
"Amerotyphlops_paucisquamus",-0.00747603639876567,-0.0288947925643319,"6.99944262917042","71.996233894985","81.9926151599021","9.99916292658078","26","74.0004187728935","65.0033489590158"
"Amerotyphlops_reticulatus",0.00128416467889664,0.00851143715650398,"8","69.9990247040338","79.0008366774119","11.9993033707662","24.999860290181","62.0000003942227","105.001251716782"
"Liotyphlops_caissara",-0.000151921137690158,-0.000528486264389129,"6.99944186440962","49.9972097884402","217.994284735448","12.9994415924096","18.0002790677952","46.0011099950343","205.978837364405"
"Liotyphlops_schubarti",-0.000778773876552316,-0.00299055183469164,"9.99972143740085","61.9999997674025","197.997914029011","15.9997214374008","18.9997211814009","74.0001389458045","67.9993049567715"
"Liotyphlops_beui",0.000341954432931891,0.00136317873292123,"9","61.0001396223992","187.997912456184","15","20.9995817264036","71.0006959738035","66.9947077747887"
"Liotyphlops_ternetzii",-3.5035595025845e-05,-0.000117510604171061,"9","63.9999302999047","121.00320835439","14.9997214051116","23.0000695637987","75.0003485134969","47.4998589440451"
"Liotyphlops_trefauti",0.00115013258330691,0.00454231011050482,"6.99930239358133","60.9969310205795","145.98898665028","11.9987452204053","23.0001394395869","52.0011160056569","123.989276879752"
"Liotyphlops_wilderi",-0.00116721010939268,-0.0045594283025864,"8.99986058840251","56.000278306597","210.999166226763","15","17.0005574097896","77.0005563994065","57.9988869485912"
"Tropidophis_grapiuna",-0.000506664611960277,-0.00142036207874224,"6.99916329399668","60.4960256735994","152.991982920581","11.9988148062004","22.000209316206","24.5004890780135","234.508989151391"
"Tropidophis_preciosus",-6.83960467624105e-05,0.000301008626837635,"8.99999974000002","61.9999994994059","178.999583157969","14.999999744","18.0002785905953","87.0005561411906","32.9987492255888"
"Tropidophis_paucisquamis",-0.000310694189694825,-0.00139059677803893,"8.99972141740361","56.000278306597","212.999444490804","15","18.0001391864053","69.0011124560046","81.0054395660975"
"Anilius_scytale",0.000226442515142242,0.00345568275586776,"7.99972126034638","71.000417830181","65.0018111340899","10.998745516995","25","58.0001400424059","160.988441876735"
"Boa_constrictor",-0.000721529633477055,0.00509731796791695,"8","67.9998604200314","87.9997229419988","11.9998608123981","24.0000000194059","61.9993037527061","103.994706147114"
"Epicrates_assisi",0.00210228869001333,-0.0015176731849505,"9.00000001940699","67.0015330027619","115.985796533846","13.9995821584092","24.9997211814064","86.000418041593","11.9995824269983"
"Epicrates_crassus",-0.00437191690311479,-0.00151767318577473,"9","63.999721187701","118.997495352186","14.0002785765972","23.0000695637987","70.000696729002","58.9972143764968"
"Epicrates_cenchria",0.00377052841096384,-0.00328672110435322,"7.9995121503226","71.0011141515915","66.0037603101536","10.0003483072779","24.9998607684062","57.0001398607126","158.507698879022"
"Eunectes_notaeus",-0.00144819383194753,0.00737022341648505,"9","50.0002782160003","340.994779581178","17.9998608469994","18.5000695815003","54.9995116549014","88.4988855019197"
"Eunectes_murinus",0.0062268427176691,0.0180301998874953,"8","68.9999998485885","81.9970723667623","11.9997213419989","24.9997213728262","61.9986076269708","105.045683018842"
"Corallus_hortulanus",-0.0010025001749929,-0.00885717621105803,"7.99999998060554","69.4976316836963","79.500488583557","11.9985370076152","24.000278622889","60.0009750346974","116.998822977198"
"Corallus_cropanii",-0.0020497290070687,-0.00859340532343886,"7.99986035979891","51.9999985323985","257.991920366375","14.9998603403992","17.0001391355997","42.9998578852035","256.990682237171"
"Crotalus_durissus",0.000892955218415854,0.00540305241147482,"8.0002785386025","66.000557720593","103.994704334071","12.9998607889994","24","62.0000003942227","97.0012529638338"
"Lachesis_muta",0.00275412888147596,0.00738844705841806,"7.99965161501664","71.0009745616987","66.0037603101536","10.9989548197915","24.999999784","57.9993037149225","161.486628824752"
"Bothrops_muriciensis",-0.00062396395313363,-0.00242152069676889,"7.99930251065629","63.9983252232149","145.98898665028","11.9990236040699","23.000000504","59.9994431559978","88.0007085008614"
"Bothrops_alternatus",0.000212647624458908,0.000851912366874429,"9","47.0004176690017","386.995962090805","19.000278572612","15.0002090285006","48.9990242909964","112.50014499759"
"Bothrops_itapetiningae",-0.00229418970578102,-0.00899409689740273,"9.00013915159833","62.0002783146006","160.997075652","15","21.0002783482985","75.0003485269025","54.497772165187"
"Bothrops_pirajai",0.00103055742956061,0.00407687976368061,"6.99944168740974","60.9969310205795","157.999302865259","11.9988843919956","22.0001397304109","34.0030669049497","211.983151643182"
"Bothrops_bilineata",-0.00285948666791753,-0.011201897908237,"7.00013935959524","71.9997213539989","61.0023681984165","10.000000156","24.999860672397","54.9988862261847","187.99596407061"
"Bothrops_diporus",0.00296376687305407,0.0116417504752857,"9.99986063699944","45.0001392706949","431.497912120382","21.9997215093908","13.9997211907727","50.5013917789369","74.0030661855636"
"Bothrops_pubescens",0.00591041602311525,0.0232151918319263,"9","43.4982574846099","414.993663031226","20.4997907968905","13.0001392630006","15.0001393776089","305.498186697962"
"Bothrops_matogrossensis",-0.00880905807190874,-0.0345976793875136,"9","63.0001393915964","130.999724582427","14.0002787352005","22.9998608129994","68.0001395771964","67.0006962245929"
"Bothrops_marmoratus",-0.0161569643610779,-0.0634582267773606,"9.00027856319162","63.9998608344036","102.000209261255","14.9998605749994","22.9999996422985","85.0002094113067","16.498606856807"
"Bothrops_neuwiedi",0.0110805249516437,0.0435214200046938,"9","61.9999997594037","172.997772926629","14.999860828407","20.0002788380011","77.0001389384026","54.9988863931893"
"Bothrops_pauloensis",0.00262118643709422,0.0102961165661033,"9","62.0001392910006","160.999026825297","15","21.9998607443964","72.5004874756033","58.9972143764968"
"Bothrops_leucurus",-0.00166662192600781,-0.0065429952969252,"8.49979071661853","65.4992325363261","154.49700300827","12.9999997657066","22.0001394587049","56.9979055046825","83.0010511202158"
"Bothrops_moojeni",0.00218421948693815,0.00858180748660531,"9","65.0002785037004","115.001875038613","13.9999999806014","23.9998607366987","72.0002092810927","52.9995115097043"
"Bothrops_cotiara",-0.000618532153642339,-0.00242381605588717,"9","52.0001388830006","297.995683050921","16.9997214653969","14.0006967328069","21.9999995541909","359.997906389253"
"Bothrops_fonsecai",0.000617371156886024,0.00243039418735569,"9","58.499860188402","214.498817770104","15.000069701799","17.0002787045981","68.001461029506","96.9978494424015"
"Bothrops_jararaca",0.00159266582052678,0.00628465142811345,"9","59.9997211734008","196.999444478539","15","19.0001391590006","63.9955392891668","89.0224457104664"
"Bothrops_jararacussu",0.00270998611263866,0.0106731076784751,"9","60.0000698092038","201.995752310851","15","20.0000001339992","63.0018102327084","82.496310233482"
"Bothrops_erythromelas",-0.000777257248387817,-0.00302360492007642,"9.00013921729317","67.0009752610611","126.002720686584","13.9997213397057","24.4999300939084","88.0001398352301","12.0027193662694"
"Bothrops_lutzi",-0.00101596982801357,-0.00396118720447675,"9.00013942300057","66.999999776","118.995820549591","13.999999764","24.0001392384142","86.000279128824","11.9997227002197"
"Micrurus_brasiliensis",0.000238330385890052,0.00217229349818073,"9.00013940759078","66.9999997674081","104.001116246552","13.9999999805947","24.0002786145919","84.0006965813749","8.99972141681396"
"Micrurus_corallinus",-0.000482928473144293,0.00725233795287743,"9","61.0001391784014","177.996516411659","14.9998608324047","20.0001391590006","63.9990248412387","72.0068279838946"
"Micrurus_altirostris",0.000364759844871993,-0.00205480618313029,"9","43.9998606283914","406.998741656388","19.9998608649994","13.9998606203947","23.9993023243886","272.004321594671"
"Micrurus_frontalis",0.000595976436320763,0.00217229349656897,"9","62.0002786982988","157.998888479271","14.9998608324031","21.999999776","73.5002782159986","49.9972844476949"
"Micrurus_pyrrhocryptus",0.00119308759843274,0.00217229349469034,"9.99986063699944","47.0004173394495","405.49624045002","20.9997214956951","16.000000009696","59.0002781880106","67.9983297799926"
"Micrurus_potyguara",-0.00071225702519657,-0.00265803844559192,"1","44.0001389710006","66.498815772204","3","25","67.0019506146313","86.9935897395251"
"Micrurus_baliocoryphus",0.000238330386253183,0.00217229349792888,"9","43.0001392493043","419.49651928093","20.4998607429994","15.5000695731971","38.4987453003838","154.008571198837"
"Micrurus_decoratus",-0.00170105562519999,-0.00654170495383003,"8.00000001940531","55.9993020928383","217.994284735448","15.0001391355997","17.0001394035992","57.0004130940228","143.982873967181"
"Micrurus_silviae",0.000770025742503871,0.00316386698536375,"9","46.0005567846081","374.997077371652","18.9999999806058","14.999999744","17.9997212293942","397.003899932867"
"Micrurus_ibiboboca",0.000409179442915568,-0.0045358890925777,"9","67.0001389550006","126.003208317013","13.9987449769949","24.0001392384142","85.9997212929695","19.9986078682404"
"Micrurus_lemniscatus",-0.0005590973613663,-0.00453588909267778,"8","67.9998605935952","89.9995832521776","12","24.0001392070006","61.000278696362","107.997911543367"
"Caaeteboia_amarali",-0.00275389861542672,-0.0134042063650918,"8.9997214054053","59.9967927963226","187.997912456184","14.9984665234257","19.0002785985942","73.0012537670051","71.9945685140157"
"Hydrodynastes_bicinctus",-0.00144051226951915,-0.00530805417884088,"8","68.0006267203895","81.0004179367029","11.9998607869994","25","66.9993740962088","97.4952599150516"
"Hydrodynastes_gigas",0.00397968351455371,0.0120752684759434,"8.99986078099944","66","97.0009757799829","13.000000204","24.0001393755958","64.0011142000045","87.9834213530304"
"Xenopholis_scalaris",-0.00243421378891494,-0.0196054811138491,"8","68.9997217945863","80.9969369785893","11.9997214014059","24.9995822858078","62.0000003942227","110.994426164012"
"Xenopholis_undulatus",-6.22648313468695e-05,-0.00117045553813659,"9","62.9999997685986","149.999581697818","14.9998608484036","21.9998608484003","76.9998611026028","46.998051090589"
"Calamodontophis_paucidens",-0.00170771543637203,-0.00673997698774144,"8.99993031219624","44.0000000096965","423.494220105225","20.9995821180865","12.500139115304","14.000069812409","333.006468736209"
"Calamodontophis_ronaldoi",-0.000632335071405298,-0.00251624658883327,"8.99986060839863","52.0001388830006","294.994708110367","16.9997214653969","14.0001391470006","21.0015320139966","323.991226784984"
"Ptychophis_flavovirgatus",-0.000646323025378022,-0.00265015486910064,"8.99999985829791","50.5001390050009","299.496241629068","16.4997209450909","14.0003485041067","21.5012538095002","332.496026075992"
"Thamnodynastes_pallidus",-0.00329413696588254,-0.0130501171554768,"7.99972142110826","70.9997212357046","68.0011837826964","10.9997213697043","24.9998607607027","57.9990950509873","155.00083275566"
"Thamnodynastes_sertanejo",0.000165687877358654,0.000538904777155588,"9.00013944300055","66.9999997674081","145.999305943233","13.9997213888218","23","76.0001345940096","27.0103198328244"
"Thamnodynastes_chaquensis",0.00394829134830417,0.0153956920008421,"9.000348054416","48.9999303301951","376.99470872725","19.9997214916954","18.000000009696","62.5002778923069","60.0025094576305"
"Thamnodynastes_hypoconia",0.000648571179716499,0.00254443971191906,"9","62.9997208974036","153.999721178689","14.9998608284042","21.0002786180011","74.0001389458045","50.001250800312"
"Thamnodynastes_lanei",-0.000576335913674345,-0.00226658110895452,"8.00013935959747","66.0002784380011","86.001533082191","12.0001394150006","24.0001391955941","65.0015316440159","77.9993048704244"
"Thamnodynastes_longicaudus",0.00079973872171434,0.00302924206835604,"8.00006945520099","54.9998598232059","221.498050350914","14.9997909080049","18.0000002797029","60.5000673372241","125.50189089667"
"Thamnodynastes_rutilus",-0.00403953652989149,-0.0158952033422011,"9.00027855489678","62.9999997874014","139.999793735798","15","21.9997910191993","78.0007663237","43.4967278712996"
"Thamnodynastes_strigatus",0.00539600639355893,0.0211644183269569,"9","50.0006961996081","319.992758437511","16.9999999806036","17.0001391470006","42.9998599917878","153.006132527504"
"Thamnodynastes_almae",0.000165687877242811,0.000538904777055739,"9.99999975600001","69.0008355340034","144.003066377904","14.0001392110006","23.99999976","85.9995794291405","20.0053012826057"
"Tomodon_ocellatus",-0.000267998579196843,-0.00116321465812102,"9","42.9993028659541","434.995683934375","20.9999999806075","12.999999732","15.9995810857789","272.004321594671"
"Gomesophis_brasiliensis",-0.00421522419069741,-0.0166976851508637,"9","59.000138751299","225.496240918487","15.0001391396006","18.0002088665031","55.0011825199138","129.491158971765"
"Tropidodryas_serra",0.00973730685299058,0.0382231740033432,"8.99958196210961","59.4982562984965","187.998120398089","14.9997213048047","19.0002784685944","69.5008328661508","78.0141616202563"
"Tropidodryas_striaticeps",-0.00971398588094374,-0.0381749257713744,"9","60.999163395629","178.999583157969","14.9998605769994","19.9998606392104","72.0009745867997","67.9993049567715"
"Boiruna_maculata",-0.00343789827879928,-0.0137308649914223,"9.00006956950669","48.4979785450635","372.994915864597","19.0001393276097","15.0002784983057","55.001392250621","78.0089091491525"
"Boiruna_sertaneja",0.00616008232891671,0.0239667569679678,"9.00013940759078","67.9997211299989","118.995820549591","13.9995821584092","24.999581741231","88","12.0040446612613"
"Clelia_clelia",0.00404660048016759,0.0331889516546007,"8","68.0001391875947","84.9949861166176","11.9998607689994","24.0000000193986","60.0002786392072","113.007797729043"
"Clelia_hussami",-0.0403000660999255,-0.157961065646868,"9","52.0001388830006","308.995821466586","16.9998608763964","13.0005568052072","17.0008361740034","395.991518119599"
"Clelia_plumbea",0.0403246710332842,0.158705635947908,"9","60.0004174667825","185.996518568246","14.999999744","19.0006963127903","62.9974895421409","89.0224457104664"
"Pseudoboa_coronata",-0.00698590190292774,-0.0603792069926224,"7.99986056188171","71.0001392496008","68.0016367824428","10.9998606247043","25","58.9987464407015","150.014134472564"
"Pseudoboa_nigra",0.00248064715249393,0.00714602963283335,"8.99999999030124","66.0001391561936","103.997563717853","13.9993725958927","24.0001391992976","72.9991646899406","51.9998595532996"
"Pseudoboa_haasi",0.00756832895938442,0.0315394001001945,"9","50.9998603523959","309.997493715422","16.9997214927928","14.9998603877934","20.0008351574009","367.994145752328"
"Pseudoboa_serrana",-0.00627002928292285,-0.0207438057446377,"8.99993028449916","56.0002084510972","214.498817770104","15","17.0004181164923","66.5010427961189","98.9936680379826"
"Rhachidelus_brazili",-0.000195127572469595,-0.00115021807789402,"9","62.0001392910006","163.998610696196","15","21.0004177181942","73.0007664745031","55.9995134921919"
"Mussurana_bicolor",-0.00916294009901272,-0.0359341860475055,"9","50.0009749810039","337.992480403548","17.9998608369994","17.9999997673992","55.0018100590074","93.0007006708422"
"Mussurana_quimi",0.00864082792431698,0.0339929938277984,"9","61.0001391513018","187.998120398089","15","19.9999997148945","69.5008328661508","71.9961749732273"
"Mussurana_montana",-0.000663424347804764,-0.00247700520418314,"9","57.9998603438045","215.998607586592","15.9998605729994","17.000139139598","67.0018096030074","97.994294958769"
"Paraphimophis_rusticus",0.00432694126905465,0.0180820615283582,"9.99986062499944","44.0003479501095","435.506756751983","21.99972151539","13.0000697908889","47.9999990607895","79.9994439868859"
"Phimophis_guerini",-0.00316400752052032,-0.0113398520101896,"9","63.9997212116999","142.498954800558","14.000278578892","22.9997211554048","70.9989549408936","52.0025082847349"
"Rodriguesophis_iglesiasi",-0.000577657200435653,-0.00113326004077091,"9.00013920700056","67.0001394155902","111.998883714225","13.9998605809994","24.999999788","86.000418041593","8.00097540217655"
"Oxyrhopus_guibei",-0.00055518628031668,-0.00108362016240538,"9","62.0005571012017","153.999165947535","14.9998605769994","22","72.9997216339988","51.9967973217864"
"Oxyrhopus_rhombifer",0.00161211703755825,0.0171942610294811,"9","61.999999768","174.50508693099","15","21.0001390198929","68.5056408801165","55.9980571612465"
"Oxyrhopus_formosus",-5.85239071107402e-05,0.00289257121975715,"7.00013934559413","72.9998606447049","60.0013931120889","10","25","54.0000700365119","197.994775817839"
"Oxyrhopus_trigeminus",-0.0019018149898993,0.00612168986266576,"9","66.0004179918876","105.498538486205","13.9997908512021","24.0001391990006","75.5007643671943","45.9967278541922"
"Oxyrhopus_clathratus",-0.00266691880737435,-0.00735232183517666,"9","59.9999997788051","201.993870454904","15","19.000000264","68.0012529750051","81.0054395660975"
"Oxyrhopus_petolarius",-0.00144362311422976,-0.00827324262616966,"8","68.0001390355958","86.0016729411883","11.9998607769994","24.0001391990006","60.0016712178159","113.007797729043"
"Siphlophis_compressus",0.00365753675469196,0.0111975246342546,"7.00027853400113","72.0001392310006","62.9983292199933","10.0001392590006","24.9998607684025","55.997492341277","172.005428536207"
"Siphlophis_leucocephalus",0.00108211971012734,0.0043297074264074,"9","66.4997908540255","114.502928556556","14.0000695780911","22.0006268152766","85.0002781700006","11.4990950453094"
"Siphlophis_longicaudatus",-0.0711504308598212,-0.279449569415034,"8.99979099120153","57.4999300553076","206.997495439007","14.9999302962018","18.0002784720009","71.9999277559058","76.0011933282321"
"Siphlophis_pulcher",0.0708631091397266,0.278331589228407,"8.99986055699945","59.9997211734008","187.999307371805","14.9998603403992","18.9998611558067","75.9993011489972","59.0016762026495"
"Siphlophis_worontzowi",-6.17071815314646e-05,0.000294269072521443,"8","66.0005570464055","79.0009753210039","12","24.0001393430006","63.9993042581765","86.998886869581"
"Helicops_carinicaudus",0.0130626611728028,0.0513725610259216,"8.00000001940614","57.4979079800247","203.49617069316","14.9997213108039","18.5004181561927","64.4965835293761","96.9978494424015"
"Helicops_modestus",-0.0131534370287966,-0.0515954068878059,"9.00013914560083","62.0001391864006","178.497427017683","15","20.0004178341983","75.0017401273004","56.4993743188884"
"Helicops_angulatus",0.00103115516841597,0.00881733491974771,"7.99999998058771","69.9999998431186","76.9993716922975","11.000139325603","24.9998607589994","61.0002092590799","116.500556294189"
"Helicops_gomesi",-0.00037595569497287,-0.0030210154193275,"9.00013914760027","62.0001394264025","169.998609026591","15","20.9997211894014","75.0004182284031","58.9970753608059"
"Helicops_leopardinus",-0.000356519335633331,-0.000679382445011095,"8.0001393396036","67.0009744553916","95.0004182644092","12.0001393550006","24","60.9988860387961","108.004176198264"
"Helicops_infrataeniatus",0.00109118586255949,0.0042590522790144,"9","55.5001389121005","274.495753527699","15.9998608449994","18.0000695735003","40.499302662694","165.996383521494"
"Hydrops_caesurus",-0.00180247688192549,-0.00758875647547139,"9","50.0009749810039","325.991226747708","17.9997214813947","19","45.9997202592173","124.003207108749"
"Pseudoeryx_plicatilis",-0.000417026265275148,-0.00214717498837351,"8","67.0004874928001","90.9983983326098","12","24.0001391952974","61.00055733172","111.011423995889"
"Amnesteophis_melanauchen",-3.31142247585274e-05,-0.00024022078595385,"6.99944168740974","60.9969310205795","148.992607717798","10.9993022518212","23.0001394550006","42.0002811132971","211.983151643182"
"Coronelaps_lepidus",-0.000927447872184698,-0.00375286090112099,"9","64.0002786140011","150.998749197443","14.0001394155902","21.9998606158089","84.9997198137154","32.0000020994047"
"Philodryas_viridissima",0.000914600537191606,0.0057161113576694,"7.99944242682182","71.9969360962252","65.0018111340899","10.000278606593","25","58.0005576154143","157.986483502848"
"Philodryas_laticeps",0.000749166252586979,0.00571611135799089,"9","61.0001389922","182.997494008985","15","21.0001391947032","68.0013226912141","70.4991637088017"
"Philodryas_livida",0.000182226017199381,-0.000333386907687384,"9.00013939100056","61.9999999806003","183.996101929975","15","21.0002785272017","68.0012529750051","71.9984682911955"
"Philodryas_aestiva",-0.000164866028107024,0.00402811188317277,"9","58.0001386464015","236.995545402401","15.9997214733958","19.000000264","67.9974920488094","63.9979116969722"
"Philodryas_psammophidea",0.00013287253378297,-0.00202058655402628,"9","54.0005570612072","313.993454893997","18.000000188","16.99999976","65.0001394642022","57.0008370740033"
"Philodryas_nattereri",0.000245972558833935,-8.30120497685098e-05,"9","66.0005576576592","105.000838154178","13.9998608009994","24.0001394030005","80.0001396041944","28.0018083393562"
"Philodryas_agassizii",-0.00709667475849313,-0.0166613154550718,"9","58.0000002427961","245.995266160985","15.9997214733958","18.9999997793975","51.0022275360091","117.001952848192"
"Philodryas_patagoniensis",0.00570307633587259,0.0204938750987846,"9","60.0000695385991","197.498679253775","15","20.0002785203038","67.9995827029161","53.0001390458429"
"Philodryas_arnaldoi",0.00135851625829269,0.00428668335923366,"8.99986059299943","50.0001390962089","310.99693059037","16.9991638059967","13.0006967830028","18.0011144640045","359.997906389253"
"Philodryas_olfersii",0.00205263243861514,-0.0121567400576342,"8.00013935330041","67.0001390192974","98.0018121967778","12.4997210777714","24","62.0006261789006","100.00278340999"
"Philodryas_mattogrossensis",-3.73020623482506e-05,-0.00150967950357104,"9","59.0002787466031","222.991228324491","15.0001393716019","21.0001391630006","64.998745060995","71.9984682911955"
"Ditaxodon_taeniatus",0.000799791351744753,0.00303115064672316,"9","53.9999998021925","288.994709203351","16","16.0005573378031","26.0033428048244","295.000832087285"
"Apostolepis_ammodites",0.00104807850130625,0.00409941080734906,"9.00027856089594","63.9999302999047","108.000906393867","14.9998605807038","22.999790886905","85.4999304302018","15.499233993498"
"Apostolepis_quirogai",-0.00299541767254421,-0.0117820747248892,"9","47.0004176883964","372.99429233503","18.9998608416047","15.9998606089994","19.9997212179989","381.006415533552"
"Apostolepis_ambiniger",-0.000586918739062837,-0.00232230542580772,"9.99986063299944","50.000835590306","355.995752838788","19.0004178042217","17.0001391470006","63.9993719414113","52.0041126198616"
"Apostolepis_flavotorquata",-0.000646606106731807,-0.00255673722024477,"9.00000001940531","63.9998606124031","103.9988867356","14.9998605887027","23.000138951299","81.0002788885991","25.4980498599009"
"Apostolepis_assimilis",-0.000646606106531119,-0.00255673722000485,"9","61.9997214687995","187.997912456184","15","20.0004179821922","71.0004177216025","67.998606082792"
"Apostolepis_cearensis",-0.0058298625027195,-0.0229148154582694,"9","68.000557528588","117.988442842568","13.0000000532569","25.0000000194109","87.9976282828653","16.0018100487713"
"Apostolepis_goiasensis",-0.000586918739262419,-0.00232230542599886,"9.0002785668951","63.000069807801","136.499097275304","14.9999999902985","21.4999301784997","80.0002789088967","30.9992341137059"
"Apostolepis_albicollaris",-0.00617937603964903,-0.0242730724267465,"9.99986058499944","63.9998608324042","118.999585254402","14.9999999805952","20.999999768","81.9998613318067","28.0004176759835"
"Apostolepis_dimidiata",0.00612592618954359,0.0240579932932301,"9","57.0004176006999","256.49540640348","15.9998606163983","18.000278410602","43.999789743196","154.505787886797"
"Elapomorphus_quinquelineatus",0.00043707183981634,0.00170876857036299,"8.99986056499945","58.0001386464015","208.996519946598","15","18.0002783534064","69.0011124560046","81.0054395660975"
"Elapomorphus_wuchereri",0.0027851424899504,0.0109311960077414,"7.99902389040301","59.9967927963226","167.99623972744","12.9998605529994","22.000139427593","53.9965129285306","107.012001511327"
"Phalotris_concolor",0.000287627132178417,0.00111414976683339,"9.00027859859414","64.9999995074076","162.999166457404","14.0002785791872","19.9999999805925","91.9994416543676","16.0011163382271"
"Phalotris_tricolor",0.00103646959168428,0.00405534970308519,"9.99986063299944","48.0001391276092","391.997354967845","20","16","61.998745048995","57.0038991402488"
"Phalotris_lativittatus",1.87225563850172e-05,7.25235190825825e-05,"9","61.9997214687995","217.995683728783","15","19.0001391590006","61.0019489746071","103.994153052175"
"Phalotris_nasutus",1.87225563647142e-05,7.25235190591161e-05,"9","63.9997212328078","105.498538486205","14.999721429402","23.0001393653015","77.9993039064036","34.500138457"
"Phalotris_multipunctatus",0.000287627132043498,0.00111414976673779,"9.00013941500056","61.0001391784014","226.9944310904","15.9998605809994","19.0002785500011","61.0019489746071","117.99401474717"
"Phalotris_bilineatus",0.000313166464712133,0.00122804027671384,"9.99986087699943","42.0012531882179","470.999304547443","22.0001393476114","12","46.9999987587683","77.0009776191596"
"Phalotris_lemniscatus",-0.000406760581109178,-0.00159958969255024,"9","46.5004872228049","372.994500458989","18.9997910471965","14.0001391390006","22.0006269495025","290.008012837076"
"Phalotris_matogrossensis",-0.0255498640594662,-0.100352356252332,"9","60.0008356398042","207.993174493749","15.0001393676031","20.99999976","60.0015314936065","94.9940129741779"
"Phalotris_mertensi",0.0257986158816639,0.101327107806134,"9.00000001940197","61.9999997634031","187.998609913995","15","20.0001391610006","75.0003485269025","58.9972143764968"
"Phalotris_nigrilatus",0.00028762713217083,0.00111414976684809,"9","54.0004174650017","295.996659518403","16.9998608449994","18.999999772","33.0002781207928","215.998332720826"
"Taeniophallus_poecilopogon",-0.000935521140292228,-0.00370164072478444,"9","43.0000000193919","428.996933669483","20.9998606089994","13.0000000193903","16.000417027434","271.009334564876"
"Echinanthera_amoena",-0.00537948608762993,-0.021131363506722,"9","58.9999997474064","209.993734425785","15","18.0002790677952","70.9986017448065","80.0078181424485"
"Echinanthera_melanostigma",0.00567922583427595,0.0223035170611452,"8.99999985829791","57.999999495103","211.999305358783","15.0000695677999","17.9999997282993","71.9999277559058","76.0011933282321"
"Echinanthera_cyanopleura",-0.00063378762591383,-0.00251653352093015,"9","53.9999996444999","274.995891493874","15.999860726699","16.5002786786025","29.5003124831931","283.48113819761"
"Echinanthera_cephalomaculata",0.000512585949070398,0.00198603419688268,"8.49958139982785","66.999301454608","139.492263854792","12.4993026172418","22.0002789202935","58.0011135532664","67.0039831920925"
"Echinanthera_cephalostriata",-0.000554371079639333,-0.00220461218629683,"9","60.0005569217797","187.999307371805","14.9999999805969","19.0001391590006","72.0009745867997","71.9945685140157"
"Echinanthera_undulata",-0.00255729540186688,-0.0100568947587591,"8.99999998059581","57.0008351472039","216.998607480627","15.000139403598","17.0005574097896","63.0019493014099","117.99401474717"
"Taeniophallus_affinis",0.00324914371263362,0.0127488344479708,"9","64.0000000194059","146.993584617513","14.000139403593","22.0000002674109","82.0006965807852","28.9988854262081"
"Taeniophallus_persimilis",-0.00319218326710975,-0.0125650463965346,"8.49993028820209","56.0001388695967","215.998399317998","14.9999303019034","17.0004181164923","66.5010427961189","98.9936680379826"
"Taeniophallus_bilineatus",-0.00416328064298178,-0.0163791884804029,"8.99986060069903","53.5002083339045","260.495612579291","15.9997214334014","17.0000695775008","42.0019492111075","253.99130626738"
"Taeniophallus_occipitalis",0.000608229140218735,0.00236168830710784,"8.99986060839863","66.0002786220011","104.001116246552","13.0001392070006","24","63.0016711640068","89.0224457104664"
"Sordellina_punctata",-0.00031263416485617,-0.00125831560351537,"7.9998603520985","51.9995108675925","260.495612579291","15.4997210596965","17.0001392695994","42.0019492111075","253.99130626738"
"Uromacerina_ricardinii",4.46210577122187e-05,6.50971079802692e-05,"8.9997214054053","59.999999472","184.999583278998","14.9984665234257","19.0005569457763","72.0034830797047","71.997781432439"
"Erythrolamprus_miliaris",0.0026374956165183,0.0216195120984346,"8","67.9997212071035","87.9986089199011","12","24.0001393350006","59.9997909786849","121.004940898094"
"Erythrolamprus_atraventer",-0.00197098884540856,-0.00857507070118069,"8.00006945520099","54.9998598232059","221.498050350914","14.9997909080049","18.0000002797029","60.5000673372241","125.50189089667"
"Erythrolamprus_viridis",-5.92833851276567e-05,-0.00106653815856302,"9.00013941558939","67.0009752610611","118.497144613996","13.999651742204","24.0003481503764","87.9987438416375","11.9998609672371"
"Erythrolamprus_poecilogyrus",-0.00223171600939574,-0.0193416417776977,"8.99986061039807","66.0002786039992","105.99902504308","13.0001393593001","23.0002787622932","61.4997212830825","95.9972825004212"
"Erythrolamprus_typhlus",-0.00412710327394803,-0.0352861632647893,"8","68.0013931197802","80.0001394112035","11.9997213419989","24.0002785500011","60.0020175295551","121.995819938353"
"Erythrolamprus_aesculapii",-0.00172523327480636,-0.0150809690403104,"8","68.4990252260101","81.496795250227","11.9995124280476","24.0001393252993","59.9998605512792","122.014414634556"
"Erythrolamprus_taeniogaster",0.00142897449200129,0.00477883548054832,"7.99972142540253","71.0008352585953","66.9998617992121","10.9995823137845","25","58.0001400424059","154.997350232478"
"Erythrolamprus_frenatus",-0.000479530570823431,-0.00271712698398471,"9","61.0001392753018","221.495336172278","15.0001393995986","20.0001391630006","53.5018799925074","119.49359434787"
"Erythrolamprus_almadensis",-0.00341073973941026,-0.0315491388391787,"9","61.9999998821926","168.994430319768","14.9999999805964","21.0001393807746","71.0002788786008","51.9967973217864"
"Erythrolamprus_jaegeri",0.00486630423011846,0.041448136262734,"9","57.000696031301","235.495127313861","15.9997214314017","19.0001391550006","54.0013227282036","116.994709801154"
"Erythrolamprus_semiaureus",0.00343962352159324,0.0216195120984847,"9","44.000000019393","405.996659289449","19.9998608649994","14.0001391310006","24.9990246251752","254.002368383686"
"Erythrolamprus_mossoroensis",0.00476983168615066,0.0216195120984312,"9.00013945100055","67.0000696189084","132.998676747687","13.9997908409106","23.99999976","87.9999297002049","13.0003496023859"
"Erythrolamprus_reginae",-0.00126285076510964,-0.0111912795808472,"8","68.9997215528218","84.9997213431849","11.9998607689994","24.0001391990006","61.9993037288228","105.010326486531"
"Erythrolamprus_maryellenae",-0.00449875225977672,-0.0185032705476312,"9.00013942300057","63.9999997634064","108.001813855007","14.9997214174036","22.9998603449994","84.0006973155985","19.9984682932113"
"Xenodon_dorbignyi",0.0130239228767236,0.0570177719589213,"9","43.0001392493043","434.496728155739","21","13.0002783683057","39.4993026096108","133.504530470926"
"Xenodon_histricus",0.0023190399720108,0.00880066369747623,"9","51.9999995473959","303.997775147769","16.9998606089994","15.999999752","23.0002780306053","297.995411689792"
"Xenodon_nattereri",-0.0126862551944943,-0.0501350611893439,"9.00000001939974","63.0001393721966","130.999724582427","14.9998608284059","22.0002786025936","79.0005568663922","29.9983289342058"
"Xenodon_guentheri",0.00241811081394717,0.00782854875406393,"8.99986059299943","51.4995810408936","299.496241629068","16.9994426356968","13.000626794105","20.5011835856987","353.989974426116"
"Xenodon_rabdocephalus",0.00476575355194103,0.00602688085366846,"7.00027859059524","71.9969360962252","65.9934538541717","10.0001393790006","24.9998607644098","56.0006967184143","169.003061279187"
"Xenodon_neuwiedii",0.00336611747606865,-0.00290379968551603,"9","60.0004174667825","195.997634713589","14.9999999805969","19.0001391590006","63.0015317690063","84.9966626743342"
"Xenodon_merremi",-0.00246570581489131,0.0223713285677604,"9","61.0006267141028","171.001117068971","14.9999998622954","21.0001394230006","73.499860629899","45.0026482043357"
"Xenodon_severus",0.00538074252298302,0.0450167520064231,"7.99972138495551","71.9948465027513","66.0001393838778","10.9993034593447","24.9999999554053","57.9994430576436","160.988441876735"
"Lygophis_anomalus",0.00114155261794135,0.00816036850449791,"9.00013912360863","43.0002785023052","438.496867707095","21.9990940909673","13.0004175999149","42.9995114498043","121.003903558971"
"Lygophis_dilepis",-0.00243048368622182,-0.00966182078611557,"9","64.000278359195","129.999445564795","14.0001391595936","23.0001391790006","71.9994431923895","51.0036183323271"
"Lygophis_flavifrenatus",0.00193623022669481,0.00977244563444836,"9","48.9978393541267","341.495892203367","17.9998607309994","15.0002088245008","24.4995814686675","287.999307413603"
"Lygophis_meridionalis",-0.000464646029904229,-0.00175640148934768,"9","61.999999825395","164.496520854192","15","21.9998606161043","71.0009050627056","57.0050122497685"
"Lygophis_paucidens",-0.000154453737564222,-0.000706233113610954,"9","66.0005572588948","100.500767488565","13.9998608104081","24.9997213034045","81.9998612801054","18.0011825546835"
"Psomophis_joberti",-0.00289933580476836,-0.0112572982380986,"9","66.9997213928206","104.000279681542","13.9998607969994","24.9997211814064","80.9995824029983","26.0018080323495"
"Psomophis_obtusus",0.0018072967971932,0.00722876292224034,"9","43.0000694882858","428.996100503373","20.9998608669994","13.0003480544118","24.4995116625876","232.001330665808"
"Lioheterophis_iheringi",-3.31142249199411e-05,-0.000240220785594845,"8.99937240249749","73.4979773721999","113.493311099012","11.9993026592895","23.5002090647929","67.0013216223016","42.5043251208108"
"Urotheca_lateristriga",-0.00132743813054241,-0.00703615663021216,"9","58.0001386997973","251.494430348886","15.9998605909994","18.9997908812002","42.0019492111075","171.493596672893"
"Imantodes_cenchoa",0.00250294583195361,-0.00735353285900114,"8","68.0002783161098","86.0008369037116","11.9998607627049","24.0001391955997","60.4999299506751","115.498540825515"
"Leptodeira_annulata",0.00133179184492885,0.00583212174145653,"8","67.0002786260011","94.9995836714503","12","24","63.0019493014099","93.0007006708422"
"Dipsas_variegata",0.00197273017514409,0.00723712371278134,"7.00013935959524","72.0001394156002","61.9962398425118","10.000000156","24.9998607003953","54.9988862261847","181.989138911143"
"Sibynomorphus_ventrimaculatus",-0.000816464620071385,0.0028576253385082,"9","54.0000694745966","284.998190786611","15.999999980603","17.0002785540011","36.0014614958111","196.001674277992"
"Sibynomorphus_turgidus",-1.80593347035081e-05,-0.000582024231121901,"9","61.9997909285993","171.001117068971","15","21.0002785366014","68.0009050739097","64.4987457641934"
"Sibynomorphus_mikanii",-0.000783758204565952,-0.00358943044576515,"9","64","135.998052042234","14.000139425294","23","80.0003483783287","31.4993721259016"
"Dipsas_catesbyi",0.000428158003828729,-0.0249475958808015,"7.99972146969792","71.0005569866072","65.9997215526468","10.9995823335035","25","57.9997911371993","162.498604252148"
"Dipsas_bucephala",-1.80593346190452e-05,-0.000582024230967376,"9","60.9998596514273","190.996659549802","15","21.0002783580011","67.997772076356","68.9976334685885"
"Dipsas_indica",-1.80593345233775e-05,-0.000582024230681688,"8.00013918529456","66.9999998537027","94.5003479076081","12.0002787405886","24","61.0011842450079","103.998814329777"
"Dipsas_alternans",-0.000549737117104625,-0.002670274756046,"9","56.5001390252985","224.497146774693","15.0001394092993","17.5002785651941","55.0011825199138","144.487260944474"
"Dipsas_albifrons",-0.00067613422601816,-0.00316671985465948,"8.99944251881392","56.9999997668106","212.991076092386","15","18.0001391864053","64.0012521710051","99.9930411171961"
"Sibynomorphus_neuwiedi",2.26711512929089e-05,-0.000422048656925454,"8.99999998058967","61.9999994994059","172.995538396668","14.9997213974064","20.0001391710006","70.000553276297","59.9974939292011"
"Dipsas_sazimai",-0.0017564077293668,-0.00740966884695574,"8.00013915729736","59.4983962718645","181.99825946826","13.9997212497032","20.0003484700917","67.5006942226175","78.0141616202563"
"Sibon_nebulatus",0.00227672856857833,0.0268933483306012,"7.00013935559078","72","71.0019495605187","10.000139243598","25","56.0006967184143","184.995957043357"
"Atractus_caete",-0.00119410823601024,-0.00499913279261146,"8.49958139982785","66.999301454608","139.492263854792","12.4993026172418","22.0002789202935","58.0011135532664","67.0039831920925"
"Atractus_albuquerquei",0.000413813282523007,0.00131623916064937,"8.00013937900056","67.0000000194075","82.0019498227252","12.0001393550006","25","69.9993040037978","66.0052921363978"
"Atractus_potschi",-0.00119410823650424,-0.00499913279337644,"7.99999972459024","64.9997205357696","149.001670271538","12.9993028026474","23","51.9958188845571","100.997633447116"
"Atractus_trihedrurus",0.0894240223361059,0.351224894497115,"6.99979039769952","48.9988825583987","261.99401098408","13.9997208221995","17.5002092177011","42.5004857174035","268.485111053447"
"Atractus_zebrinus",-0.0893779392811015,-0.351048743065248,"8.99986060839863","56.0001391435958","216.998607480627","15.000139403598","17.0002785860011","64.0012521710051","112.994853119373"
"Atractus_francoi",0.000201420200729285,0.000482030962279793,"8.00013915900057","53.9999994868073","216.998607480627","14.9998606038067","18.9998611558067","66.0002759892304","96.001403926034"
"Atractus_spinalis",-0.00385503386203224,-0.0154503487741563,"8.99986056499945","59.999999472","184.999583278998","14.9998608289994","19.000000264","88.9993033724025","39.9990259388331"
"Atractus_thalesdelemai",-0.00103198934237301,-0.00436238460605223,"9","49.0002785340011","348.997910315596","18","13.9999999612083","15.9999997593958","415.994558552416"
"Atractus_serranus",0.00313031582913916,0.0119857424902425,"7.99999975140141","55.9997201596045","225.997493221201","14.9997212122031","17.0001394035992","54.9998586852178","155.002377867305"
"Atractus_pantostictus",-0.00035285481609469,-0.00169497385800582,"9.00013915159582","63.0000002434053","132.000420598344","14.9998608364025","21.9998606158089","83.0002779454054","23.9997210957846"
"Atractus_paraguayensis",0.000638601792424138,0.00219913240892636,"9","45.5002089795913","394.99373325952","19.9997214953928","14.9999301744997","23.0000690874997","312.003211592282"
"Atractus_guentheri",-0.000227138277412968,-0.00120120180784117,"6.99916329399668","59.9960951273943","146.993584617513","11.9987452204053","22.0002789020011","26.0000009278683","245.009337710059"
"Atractus_maculatus",-0.00109036137005434,-0.00459165019027949,"6.99930239358133","63.9983252232149","115.992331156633","9.99916292658078","23.0004181295858","59.9994431559978","123.989276879752"
"Atractus_reticulatus",-0.000777120528698737,-0.00336134609676638,"9","50.5004176556053","311.997213181878","16.9998607269994","16.0004179182056","26.0018798792149","283.49826693234"
"Chironius_flavolineatus",-0.00153987855681308,-0.00625565074971146,"8.99999998059747","66","104.500767081186","13.998606682217","24.0001391893004","71.9997910107963","54.9993740411875"
"Chironius_bicarinatus",0.000778056080181025,0.00379605184500522,"9","61.0001391784014","183.996101929975","15","20.0001391630006","60.0019462516984","94.9940129741779"
"Chironius_exoletus",-8.01838297954647e-05,0.0093616779770224,"8","68.4990252260101","84.9972839761942","11.9998606195902","24.0001392530006","60.0009750346974","117.992898335447"
"Chironius_foveatus",0.00204140008690601,-0.00262899199824956,"8.99972126540725","59.9984655125092","181.99825946826","14.0001391575941","19.9998609650011","70.4995775105517","71.9961749732273"
"Chironius_fuscus",0.000107298301416528,-0.00625565074894824,"7.99972138140865","71.0004176450017","65.9993037214157","10.999163002588","24.9998606209994","57.0001391012099","166.991229769567"
"Chironius_carinatus",0.00150569048435979,0.00667169420031009,"7.99986073499944","70.0011835569942","74.001044394607","10.9998608121069","24.9998607644078","60.0007664030944","125.003200505454"
"Chironius_laevicollis",0.0007780560801359,0.00262888263981301,"9","61.0001391784014","179.992053176968","14.9999999805952","19.9999997868162","74.0009748622011","58.9973533921877"
"Chironius_quadricarinatus",-0.0015398785562151,-0.00262899199804765,"9","61.0002090785011","176.498469128587","14.9999999903012","21.0001391790006","70.9988128995975","57.5025061539397"
"Chironius_maculoventris",9.83176717105472e-05,-4.08999518860364e-05,"9","46.0004178976075","394.995545650767","19.9998606329994","16.0005572320022","49.9988850707783","112.005436875807"
"Leptophis_ahaetulla",0.000221850094845083,-0.000469154438867298,"8","67.9995818732343","89.9995832521776","12","24.000000019402","59.9997212866003","117.001820396631"
"Oxybelis_aeneus",0.000448438903669587,-0.0113616005872105,"8","68.0001391521833","86.0004170061071","11.9998606816075","24.0001391990006","63.9995824685906","95.0043173478146"
"Simophis_rhinostoma",-0.00164180310758765,-0.00639126619112542,"9.00000001940029","61.9999999806003","181.997632848525","15","20.0001391590006","75.0004182284031","57.9988869485912"
"Spilotes_sulphureus",0.00232410275006896,0.0119686647726091,"7.99986067439501","70.9994429050968","69.9965877264945","10.9998607907032","24.9998607689994","58.0016720332055","143.492829835084"
"Spilotes_pullatus",0.00324092129761819,0.023547429788808,"8","68.000000092598","85.9916401854024","11.9998607849994","24.0001392910006","59.9997212866003","120.999441061468"
"Drymarchon_corais",0.00209523259974348,0.00962043872444251,"7.99999998060331","68.9999997817046","81.9950544366404","11.9990241778328","24.0002785266041","60.9988857039231","110.499650301213"
"Drymoluber_brazili",-0.00163533644126931,-0.00524300583092362,"9","65.0005573166008","115.998745450971","14","23.9998603609994","79.0005567228073","29.0006961910028"
"Drymoluber_dichrous",0.000397927898424061,0.0110092863984484,"7.99972145939779","71.000417654701","66.9979121498883","10.9995823335035","24.9998606089994","57.0009756302493","160.495615992334"
"Mastigodryas_bifossatus",0.00130376438949758,0.0142562475197578,"8.00000001939863","67.0001389550006","94.00041798619","12.0001392830006","24.0002785500011","62.0011143259179","100.004177375354"
"Mastigodryas_boddaerti",0.000610699386447486,-0.00718108058325533,"7.99986069699944","70.0016715515781","72.002230209321","10.9998607884081","24.999860672397","60.0004182766433","130.028553209865"
"Tantilla_boipiranga",-0.00430315556840707,-0.0185766232263307,"8.99999974000002","61.9999994994059","178.999583157969","14.9998608289994","19.000000264","88.9993033724025","32.9987492255888"
"Tantilla_melanocephala",-0.00338258907606567,-0.0257235936574864,"8","67.9998604200314","90.9954053695825","12","24","60.0012535515975","111.019647375972"
"Tantilla_marcovani",-0.000977976044543441,-0.00551644257198933,"10.9997213374148","74.9997208494148","115.997076861573","13.9999999805841","24.0002781591704","92.9992999609047","19.9986078682404"
"Dendrophidion_atlantica",-0.000324178171890154,-0.00119056285272863,"4.49992944225344","56.4995083339286","97.9981131200176","6.99999902833838","24.0000698732077","58.0006279488721","129.490456138797"
